keyname,keycount,year,month,day
',24,2024,09,28
",",101,2024,09,28
-,40,2024,09,28
.,40,2024,09,28
/,11,2024,09,28
0,123,2024,09,28
1,302,2024,09,28
2,71,2024,09,28
3,44,2024,09,28
4,13,2024,09,28
5,41,2024,09,28
6,10,2024,09,28
7,27,2024,09,28
8,16,2024,09,28
9,98,2024,09,28
;,125,2024,09,28
<+',17,2024,09,28
"<+,",37,2024,09,28
<+-,2,2024,09,28
<+.,4,2024,09,28
<+/,5,2024,09,28
<+0,13,2024,09,28
<+1,3,2024,09,28
<+3,13,2024,09,28
<+5,24,2024,09,28
<+7,16,2024,09,28
<+8,5,2024,09,28
<+9,87,2024,09,28
<+;,3,2024,09,28
<+=,71,2024,09,28
<+Backspace,2,2024,09,28
<+Enter,24,2024,09,28
<+Left,13,2024,09,28
<+Space,52,2024,09,28
<+Up,6,2024,09,28
<+[,31,2024,09,28
<+],2,2024,09,28
<+a,86,2024,09,28
<+b,2,2024,09,28
<+c,30,2024,09,28
<+d,29,2024,09,28
<+e,7,2024,09,28
<+f,7,2024,09,28
<+g,1,2024,09,28
<+i,2,2024,09,28
<+l,4,2024,09,28
<+m,7,2024,09,28
<+n,1,2024,09,28
<+o,27,2024,09,28
<+p,8,2024,09,28
<+r,3,2024,09,28
<+s,15,2024,09,28
<+t,13,2024,09,28
<+u,3,2024,09,28
<+v,7,2024,09,28
<+w,68,2024,09,28
<+x,1,2024,09,28
<+z,1,2024,09,28
<^/,4,2024,09,28
<^<!a,1,2024,09,28
<^Enter,1,2024,09,28
<^a,22,2024,09,28
<^c,156,2024,09,28
<^f,9,2024,09,28
<^n,7,2024,09,28
<^s,17,2024,09,28
<^v,158,2024,09,28
<^x,4,2024,09,28
<^z,4,2024,09,28
=,163,2024,09,28
Backspace,772,2024,09,28
Down,301,2024,09,28
Enter,289,2024,09,28
Escape,6,2024,09,28
F11,8,2024,09,28
F12,1,2024,09,28
F22,5,2024,09,28
LAlt,1,2024,09,28
LButton,4814,2024,09,28
LControl,445,2024,09,28
LShift,847,2024,09,28
Left,382,2024,09,28
Media_Play_Pause,3,2024,09,28
Numlock,1,2024,09,28
NumpadLeft,1,2024,09,28
RAlt,30,2024,09,28
RButton,99,2024,09,28
RShift,2,2024,09,28
Right,858,2024,09,28
Space,369,2024,09,28
Tab,72,2024,09,28
Up,285,2024,09,28
WheelDown,4947,2024,09,28
WheelUp,3764,2024,09,28
[,125,2024,09,28
\,7,2024,09,28
],5,2024,09,28
`,13,2024,09,28
a,638,2024,09,28
b,61,2024,09,28
c,258,2024,09,28
d,491,2024,09,28
e,218,2024,09,28
f,121,2024,09,28
g,106,2024,09,28
h,107,2024,09,28
i,465,2024,09,28
j,74,2024,09,28
k,24,2024,09,28
l,156,2024,09,28
m,77,2024,09,28
n,346,2024,09,28
o,175,2024,09,28
p,52,2024,09,28
q,18,2024,09,28
r,103,2024,09,28
s,239,2024,09,28
t,152,2024,09,28
u,165,2024,09,28
v,184,2024,09,28
w,667,2024,09,28
x,57,2024,09,28
y,56,2024,09,28
z,41,2024,09,28
',31,2024,09,29
",",35,2024,09,29
-,74,2024,09,29
.,43,2024,09,29
/,24,2024,09,29
0,32,2024,09,29
1,623,2024,09,29
2,56,2024,09,29
3,27,2024,09,29
4,11,2024,09,29
5,4,2024,09,29
6,2,2024,09,29
7,3,2024,09,29
8,7,2024,09,29
9,57,2024,09,29
;,21,2024,09,29
<+',5,2024,09,29
<+-,37,2024,09,29
<+.,3,2024,09,29
<+/,5,2024,09,29
<+0,17,2024,09,29
<+2,2,2024,09,29
<+3,12,2024,09,29
<+8,4,2024,09,29
<+9,50,2024,09,29
<+;,17,2024,09,29
<+=,4,2024,09,29
<+Down,35,2024,09,29
<+Left,35,2024,09,29
<+Right,13,2024,09,29
<+Space,33,2024,09,29
<+Tab,1,2024,09,29
<+Up,7,2024,09,29
<+[,2,2024,09,29
<+a,51,2024,09,29
<+b,4,2024,09,29
<+c,8,2024,09,29
<+d,26,2024,09,29
<+f,3,2024,09,29
<+g,2,2024,09,29
<+i,1,2024,09,29
<+l,6,2024,09,29
<+m,5,2024,09,29
<+n,2,2024,09,29
<+p,13,2024,09,29
<+r,10,2024,09,29
<+s,9,2024,09,29
<+t,11,2024,09,29
<+u,1,2024,09,29
<+w,33,2024,09,29
<+x,13,2024,09,29
<+y,14,2024,09,29
<^/,17,2024,09,29
<^<!a,4,2024,09,29
<^<!s,2,2024,09,29
<^a,6,2024,09,29
<^c,69,2024,09,29
<^f,4,2024,09,29
<^s,65,2024,09,29
<^v,99,2024,09,29
<^x,10,2024,09,29
<^z,47,2024,09,29
=,32,2024,09,29
Backspace,1229,2024,09,29
CapsLock,2,2024,09,29
Down,2345,2024,09,29
Enter,380,2024,09,29
Escape,1,2024,09,29
F22,2,2024,09,29
LAlt,7,2024,09,29
LButton,6895,2024,09,29
LControl,350,2024,09,29
LShift,600,2024,09,29
Left,642,2024,09,29
MButton,4,2024,09,29
NumpadLeft,1,2024,09,29
NumpadRight,1,2024,09,29
NumpadUp,1,2024,09,29
RAlt,2,2024,09,29
RButton,122,2024,09,29
RControl,1,2024,09,29
RShift,1,2024,09,29
Right,758,2024,09,29
Space,241,2024,09,29
Tab,81,2024,09,29
Up,541,2024,09,29
WheelDown,5583,2024,09,29
WheelUp,4595,2024,09,29
[,11,2024,09,29
\,10,2024,09,29
],4,2024,09,29
`,8,2024,09,29
a,791,2024,09,29
b,103,2024,09,29
c,155,2024,09,29
d,407,2024,09,29
e,464,2024,09,29
f,78,2024,09,29
g,263,2024,09,29
h,338,2024,09,29
i,661,2024,09,29
j,124,2024,09,29
k,67,2024,09,29
l,152,2024,09,29
m,68,2024,09,29
n,522,2024,09,29
o,287,2024,09,29
p,74,2024,09,29
q,58,2024,09,29
r,109,2024,09,29
s,399,2024,09,29
sc000,1,2024,09,29
sc178,1,2024,09,29
t,127,2024,09,29
u,348,2024,09,29
v,112,2024,09,29
w,419,2024,09,29
x,106,2024,09,29
y,176,2024,09,29
z,186,2024,09,29
',1,2024,09,30
",",2,2024,09,30
-,7,2024,09,30
.,25,2024,09,30
/,13,2024,09,30
0,14,2024,09,30
1,649,2024,09,30
2,64,2024,09,30
3,18,2024,09,30
4,13,2024,09,30
5,9,2024,09,30
6,8,2024,09,30
7,5,2024,09,30
8,7,2024,09,30
9,16,2024,09,30
;,1,2024,09,30
<+-,1,2024,09,30
<+.,1,2024,09,30
<+/,6,2024,09,30
<+0,1,2024,09,30
<+1,1,2024,09,30
<+3,2,2024,09,30
<+9,13,2024,09,30
<+d,3,2024,09,30
<+e,1,2024,09,30
<+g,5,2024,09,30
<+i,3,2024,09,30
<+j,1,2024,09,30
<+m,4,2024,09,30
<+p,1,2024,09,30
<+x,3,2024,09,30
<^/,2,2024,09,30
<^<!a,12,2024,09,30
<^Right,3,2024,09,30
<^a,1,2024,09,30
<^c,10,2024,09,30
<^s,27,2024,09,30
<^v,43,2024,09,30
<^x,6,2024,09,30
<^z,10,2024,09,30
=,9,2024,09,30
Backspace,773,2024,09,30
Down,30,2024,09,30
Enter,339,2024,09,30
F22,18,2024,09,30
LAlt,13,2024,09,30
LButton,3955,2024,09,30
LControl,134,2024,09,30
LShift,53,2024,09,30
Left,114,2024,09,30
Media_Play_Pause,3,2024,09,30
NumpadEnd,1,2024,09,30
NumpadLeft,1,2024,09,30
RButton,90,2024,09,30
Right,96,2024,09,30
Space,66,2024,09,30
Tab,11,2024,09,30
Up,27,2024,09,30
WheelDown,4559,2024,09,30
WheelUp,3772,2024,09,30
[,2,2024,09,30
\,2,2024,09,30
],1,2024,09,30
`,6,2024,09,30
a,584,2024,09,30
b,97,2024,09,30
c,76,2024,09,30
d,164,2024,09,30
e,362,2024,09,30
f,25,2024,09,30
g,270,2024,09,30
h,307,2024,09,30
i,650,2024,09,30
j,118,2024,09,30
k,36,2024,09,30
l,140,2024,09,30
m,96,2024,09,30
n,541,2024,09,30
o,350,2024,09,30
p,94,2024,09,30
q,27,2024,09,30
r,70,2024,09,30
s,187,2024,09,30
sc000,1,2024,09,30
t,98,2024,09,30
u,319,2024,09,30
v,49,2024,09,30
w,110,2024,09,30
x,98,2024,09,30
y,146,2024,09,30
z,149,2024,09,30
.,1,2024,10,01
/,4,2024,10,01
0,3,2024,10,01
1,40,2024,10,01
2,4,2024,10,01
3,6,2024,10,01
4,2,2024,10,01
5,2,2024,10,01
6,1,2024,10,01
7,1,2024,10,01
8,5,2024,10,01
9,5,2024,10,01
<+/,3,2024,10,01
<+2,1,2024,10,01
<+3,1,2024,10,01
<+z,1,2024,10,01
<^<!a,1,2024,10,01
<^v,2,2024,10,01
Backspace,10,2024,10,01
Enter,16,2024,10,01
LAlt,1,2024,10,01
LButton,526,2024,10,01
LControl,6,2024,10,01
LShift,7,2024,10,01
RButton,1,2024,10,01
WheelDown,470,2024,10,01
WheelUp,288,2024,10,01
a,30,2024,10,01
b,2,2024,10,01
c,6,2024,10,01
d,4,2024,10,01
e,12,2024,10,01
f,2,2024,10,01
g,5,2024,10,01
h,13,2024,10,01
i,25,2024,10,01
j,2,2024,10,01
k,4,2024,10,01
l,8,2024,10,01
m,9,2024,10,01
n,14,2024,10,01
o,20,2024,10,01
p,2,2024,10,01
q,5,2024,10,01
r,1,2024,10,01
s,3,2024,10,01
t,1,2024,10,01
u,11,2024,10,01
v,2,2024,10,01
w,5,2024,10,01
x,1,2024,10,01
y,4,2024,10,01
z,11,2024,10,01
',16,2024,10,02
",",50,2024,10,02
-,22,2024,10,02
.,30,2024,10,02
/,8,2024,10,02
0,47,2024,10,02
1,790,2024,10,02
2,99,2024,10,02
3,50,2024,10,02
4,37,2024,10,02
5,6,2024,10,02
6,23,2024,10,02
7,16,2024,10,02
8,14,2024,10,02
9,20,2024,10,02
;,7,2024,10,02
<#q,1,2024,10,02
<#r,6,2024,10,02
<+',4,2024,10,02
<+-,5,2024,10,02
<+/,3,2024,10,02
<+0,3,2024,10,02
<+1,1,2024,10,02
<+3,1,2024,10,02
<+4,19,2024,10,02
<+5,2,2024,10,02
<+6,2,2024,10,02
<+8,5,2024,10,02
<+9,17,2024,10,02
<+;,6,2024,10,02
<+=,2,2024,10,02
<+Backspace,1,2024,10,02
<+CapsLock,1,2024,10,02
<+Down,9,2024,10,02
<+Enter,1,2024,10,02
<+Left,23,2024,10,02
<+Right,30,2024,10,02
<+Up,9,2024,10,02
<+`,9,2024,10,02
<+a,5,2024,10,02
<+b,7,2024,10,02
<+c,9,2024,10,02
<+d,18,2024,10,02
<+e,2,2024,10,02
<+f,20,2024,10,02
<+g,2,2024,10,02
<+h,1,2024,10,02
<+i,3,2024,10,02
<+l,22,2024,10,02
<+m,2,2024,10,02
<+n,1,2024,10,02
<+o,2,2024,10,02
<+p,2,2024,10,02
<+q,4,2024,10,02
<+r,8,2024,10,02
<+s,51,2024,10,02
<+t,30,2024,10,02
<+v,1,2024,10,02
<+x,6,2024,10,02
<+z,1,2024,10,02
<^/,5,2024,10,02
<^<!NumpadDel,4,2024,10,02
<^<!a,1,2024,10,02
<^<+p,1,2024,10,02
<^a,3,2024,10,02
<^c,74,2024,10,02
<^f,7,2024,10,02
<^s,49,2024,10,02
<^v,109,2024,10,02
<^x,21,2024,10,02
<^z,14,2024,10,02
=,8,2024,10,02
Backspace,1389,2024,10,02
CapsLock,4,2024,10,02
Delete,1,2024,10,02
Down,232,2024,10,02
Enter,450,2024,10,02
F22,2,2024,10,02
F5,10,2024,10,02
F7,10,2024,10,02
LAlt,5,2024,10,02
LButton,7299,2024,10,02
LControl,312,2024,10,02
LShift,417,2024,10,02
LWin,11,2024,10,02
Left,609,2024,10,02
Numlock,2,2024,10,02
Numpad4,1,2024,10,02
NumpadDel,4,2024,10,02
NumpadHome,2,2024,10,02
NumpadIns,1,2024,10,02
NumpadLeft,9,2024,10,02
NumpadPgDn,1,2024,10,02
RAlt,25,2024,10,02
RButton,164,2024,10,02
RShift,2,2024,10,02
Right,967,2024,10,02
Space,162,2024,10,02
Tab,4,2024,10,02
Up,178,2024,10,02
WheelDown,9406,2024,10,02
WheelUp,4990,2024,10,02
\,29,2024,10,02
],1,2024,10,02
`,18,2024,10,02
a,706,2024,10,02
b,98,2024,10,02
c,302,2024,10,02
d,309,2024,10,02
e,514,2024,10,02
f,78,2024,10,02
g,356,2024,10,02
h,354,2024,10,02
i,842,2024,10,02
j,167,2024,10,02
k,38,2024,10,02
l,161,2024,10,02
m,70,2024,10,02
n,740,2024,10,02
o,426,2024,10,02
p,75,2024,10,02
q,88,2024,10,02
r,107,2024,10,02
s,332,2024,10,02
sc178,2,2024,10,02
t,208,2024,10,02
u,476,2024,10,02
v,166,2024,10,02
w,90,2024,10,02
x,163,2024,10,02
y,218,2024,10,02
z,165,2024,10,02
",",81,2024,10,03
-,2,2024,10,03
.,44,2024,10,03
/,18,2024,10,03
0,29,2024,10,03
1,1014,2024,10,03
2,86,2024,10,03
3,29,2024,10,03
4,53,2024,10,03
5,10,2024,10,03
6,19,2024,10,03
7,8,2024,10,03
8,2,2024,10,03
9,2,2024,10,03
;,10,2024,10,03
<+/,3,2024,10,03
<+0,1,2024,10,03
<+4,26,2024,10,03
<+9,2,2024,10,03
<+;,8,2024,10,03
<+Backspace,1,2024,10,03
<+Down,5,2024,10,03
<+Enter,1,2024,10,03
<+Left,24,2024,10,03
<+Right,42,2024,10,03
<+Up,1,2024,10,03
<+[,5,2024,10,03
<+\,2,2024,10,03
<+],7,2024,10,03
<+a,7,2024,10,03
<+d,29,2024,10,03
<+e,12,2024,10,03
<+f,14,2024,10,03
<+g,1,2024,10,03
<+h,2,2024,10,03
<+i,1,2024,10,03
<+l,20,2024,10,03
<+m,3,2024,10,03
<+o,4,2024,10,03
<+p,3,2024,10,03
<+q,2,2024,10,03
<+r,1,2024,10,03
<+s,31,2024,10,03
<+t,21,2024,10,03
<+x,6,2024,10,03
<^/,15,2024,10,03
<^<!NumpadDel,1,2024,10,03
<^a,3,2024,10,03
<^c,39,2024,10,03
<^s,62,2024,10,03
<^v,66,2024,10,03
<^x,12,2024,10,03
<^z,8,2024,10,03
=,5,2024,10,03
>+Enter,1,2024,10,03
Backspace,1230,2024,10,03
CapsLock,2,2024,10,03
Down,247,2024,10,03
Enter,219,2024,10,03
F22,2,2024,10,03
LAlt,1,2024,10,03
LButton,6702,2024,10,03
LControl,224,2024,10,03
LShift,333,2024,10,03
Left,804,2024,10,03
Numlock,1,2024,10,03
NumpadDel,1,2024,10,03
NumpadLeft,1,2024,10,03
NumpadPgUp,1,2024,10,03
RButton,49,2024,10,03
RShift,2,2024,10,03
Right,1572,2024,10,03
Space,11,2024,10,03
Up,188,2024,10,03
WheelDown,3602,2024,10,03
WheelUp,3238,2024,10,03
[,6,2024,10,03
\,40,2024,10,03
],8,2024,10,03
a,640,2024,10,03
b,129,2024,10,03
c,164,2024,10,03
d,284,2024,10,03
e,599,2024,10,03
f,67,2024,10,03
g,443,2024,10,03
h,447,2024,10,03
i,916,2024,10,03
j,175,2024,10,03
k,51,2024,10,03
l,163,2024,10,03
m,101,2024,10,03
n,727,2024,10,03
o,401,2024,10,03
p,33,2024,10,03
q,58,2024,10,03
r,79,2024,10,03
s,332,2024,10,03
sc000,1,2024,10,03
t,97,2024,10,03
u,533,2024,10,03
v,74,2024,10,03
w,91,2024,10,03
x,200,2024,10,03
y,223,2024,10,03
z,169,2024,10,03
",",64,2024,10,04
-,5,2024,10,04
.,57,2024,10,04
/,24,2024,10,04
0,59,2024,10,04
1,995,2024,10,04
2,90,2024,10,04
3,36,2024,10,04
4,41,2024,10,04
5,31,2024,10,04
6,27,2024,10,04
7,24,2024,10,04
8,14,2024,10,04
9,34,2024,10,04
;,18,2024,10,04
<+.,1,2024,10,04
<+/,5,2024,10,04
<+0,15,2024,10,04
<+3,1,2024,10,04
<+4,12,2024,10,04
<+5,2,2024,10,04
<+7,1,2024,10,04
<+9,20,2024,10,04
<+;,15,2024,10,04
<+=,6,2024,10,04
<+Down,12,2024,10,04
<+Enter,2,2024,10,04
<+Left,44,2024,10,04
<+Right,43,2024,10,04
<+Up,4,2024,10,04
<+[,1,2024,10,04
<+\,1,2024,10,04
<+],4,2024,10,04
<+a,17,2024,10,04
<+b,1,2024,10,04
<+c,12,2024,10,04
<+d,21,2024,10,04
<+e,11,2024,10,04
<+f,19,2024,10,04
<+g,2,2024,10,04
<+h,1,2024,10,04
<+i,5,2024,10,04
<+l,19,2024,10,04
<+m,6,2024,10,04
<+n,3,2024,10,04
<+o,18,2024,10,04
<+p,9,2024,10,04
<+q,1,2024,10,04
<+r,2,2024,10,04
<+s,41,2024,10,04
<+t,32,2024,10,04
<+u,2,2024,10,04
<+v,5,2024,10,04
<+z,2,2024,10,04
<^/,18,2024,10,04
<^<!a,3,2024,10,04
<^a,7,2024,10,04
<^c,124,2024,10,04
<^f,4,2024,10,04
<^s,113,2024,10,04
<^v,192,2024,10,04
<^x,20,2024,10,04
<^z,12,2024,10,04
=,8,2024,10,04
Backspace,1400,2024,10,04
Delete,1,2024,10,04
Down,472,2024,10,04
Enter,340,2024,10,04
F22,7,2024,10,04
LAlt,3,2024,10,04
LButton,5499,2024,10,04
LControl,519,2024,10,04
LShift,492,2024,10,04
Left,887,2024,10,04
MButton,2,2024,10,04
Numlock,1,2024,10,04
Numpad4,1,2024,10,04
NumpadAdd,1,2024,10,04
NumpadLeft,4,2024,10,04
PrintScreen,1,2024,10,04
RButton,66,2024,10,04
RShift,1,2024,10,04
Right,1442,2024,10,04
Space,99,2024,10,04
Tab,9,2024,10,04
Up,360,2024,10,04
WheelDown,6575,2024,10,04
WheelUp,5354,2024,10,04
[,1,2024,10,04
\,19,2024,10,04
],5,2024,10,04
`,8,2024,10,04
a,654,2024,10,04
b,162,2024,10,04
c,250,2024,10,04
d,232,2024,10,04
e,645,2024,10,04
f,79,2024,10,04
g,375,2024,10,04
h,470,2024,10,04
i,905,2024,10,04
j,189,2024,10,04
k,62,2024,10,04
l,192,2024,10,04
m,75,2024,10,04
n,686,2024,10,04
o,473,2024,10,04
p,59,2024,10,04
q,69,2024,10,04
r,75,2024,10,04
s,378,2024,10,04
t,137,2024,10,04
u,552,2024,10,04
v,214,2024,10,04
w,116,2024,10,04
x,150,2024,10,04
y,224,2024,10,04
z,214,2024,10,04
',7,2024,10,05
",",29,2024,10,05
-,23,2024,10,05
.,31,2024,10,05
/,38,2024,10,05
0,28,2024,10,05
1,669,2024,10,05
2,47,2024,10,05
3,22,2024,10,05
4,8,2024,10,05
5,12,2024,10,05
6,2,2024,10,05
7,2,2024,10,05
8,7,2024,10,05
9,5,2024,10,05
;,9,2024,10,05
<#r,4,2024,10,05
<+',6,2024,10,05
<+-,2,2024,10,05
<+.,3,2024,10,05
<+/,20,2024,10,05
<+0,3,2024,10,05
<+3,1,2024,10,05
<+5,2,2024,10,05
<+8,1,2024,10,05
<+9,4,2024,10,05
<+;,6,2024,10,05
<+=,18,2024,10,05
<+Backspace,1,2024,10,05
<+Insert,1,2024,10,05
<+a,1,2024,10,05
<+b,3,2024,10,05
<+c,6,2024,10,05
<+d,3,2024,10,05
<+e,1,2024,10,05
<+f,3,2024,10,05
<+g,9,2024,10,05
<+i,2,2024,10,05
<+l,3,2024,10,05
<+m,10,2024,10,05
<+n,3,2024,10,05
<+o,2,2024,10,05
<+p,6,2024,10,05
<+r,1,2024,10,05
<+s,5,2024,10,05
<+t,3,2024,10,05
<+u,2,2024,10,05
<+v,1,2024,10,05
<+w,3,2024,10,05
<^/,1,2024,10,05
<^a,2,2024,10,05
<^c,22,2024,10,05
<^s,9,2024,10,05
<^v,33,2024,10,05
<^x,6,2024,10,05
<^z,11,2024,10,05
=,21,2024,10,05
Backspace,778,2024,10,05
Delete,1,2024,10,05
Down,480,2024,10,05
Enter,274,2024,10,05
Insert,1,2024,10,05
LButton,5091,2024,10,05
LControl,104,2024,10,05
LShift,172,2024,10,05
LWin,4,2024,10,05
Left,197,2024,10,05
Numlock,11,2024,10,05
NumpadIns,2,2024,10,05
NumpadLeft,2,2024,10,05
RAlt,11,2024,10,05
RButton,82,2024,10,05
RControl,1,2024,10,05
Right,374,2024,10,05
Space,68,2024,10,05
Tab,10,2024,10,05
Up,327,2024,10,05
WheelDown,4412,2024,10,05
WheelUp,2022,2024,10,05
\,3,2024,10,05
a,491,2024,10,05
b,113,2024,10,05
c,97,2024,10,05
d,190,2024,10,05
e,406,2024,10,05
f,63,2024,10,05
g,363,2024,10,05
h,338,2024,10,05
i,753,2024,10,05
j,102,2024,10,05
k,66,2024,10,05
l,108,2024,10,05
m,86,2024,10,05
n,545,2024,10,05
o,271,2024,10,05
p,29,2024,10,05
q,41,2024,10,05
r,61,2024,10,05
s,214,2024,10,05
sc178,1,2024,10,05
t,62,2024,10,05
u,373,2024,10,05
v,39,2024,10,05
w,95,2024,10,05
x,91,2024,10,05
y,159,2024,10,05
z,148,2024,10,05
",",14,2024,10,06
-,2,2024,10,06
.,19,2024,10,06
/,5,2024,10,06
0,24,2024,10,06
1,1102,2024,10,06
2,68,2024,10,06
3,23,2024,10,06
4,20,2024,10,06
5,13,2024,10,06
6,6,2024,10,06
7,9,2024,10,06
8,2,2024,10,06
9,10,2024,10,06
;,2,2024,10,06
<+/,5,2024,10,06
<+0,4,2024,10,06
<+1,3,2024,10,06
<+7,2,2024,10,06
<+9,7,2024,10,06
<+;,1,2024,10,06
<+=,8,2024,10,06
<+Enter,2,2024,10,06
<+Space,830,2024,10,06
<+a,1455,2024,10,06
<+b,1,2024,10,06
<+c,7,2024,10,06
<+d,710,2024,10,06
<+e,13,2024,10,06
<+f,379,2024,10,06
<+i,1,2024,10,06
<+k,1,2024,10,06
<+m,2,2024,10,06
<+o,1,2024,10,06
<+p,5,2024,10,06
<+q,2,2024,10,06
<+r,1,2024,10,06
<+s,51,2024,10,06
<+t,5,2024,10,06
<+v,1,2024,10,06
<+w,1346,2024,10,06
<+x,7,2024,10,06
<^<!NumpadDel,1,2024,10,06
<^<!a,3,2024,10,06
<^a,7,2024,10,06
<^c,76,2024,10,06
<^f,1,2024,10,06
<^s,14,2024,10,06
<^v,137,2024,10,06
<^x,20,2024,10,06
<^z,5,2024,10,06
=,9,2024,10,06
Backspace,670,2024,10,06
CapsLock,10,2024,10,06
Down,125,2024,10,06
Enter,212,2024,10,06
Escape,5,2024,10,06
F22,6,2024,10,06
F7,1,2024,10,06
LAlt,5,2024,10,06
LButton,8239,2024,10,06
LControl,279,2024,10,06
LShift,5240,2024,10,06
LWin,17,2024,10,06
Left,75,2024,10,06
Numlock,3,2024,10,06
Numpad3,1,2024,10,06
NumpadDel,1,2024,10,06
RButton,127,2024,10,06
Right,78,2024,10,06
Space,2669,2024,10,06
Tab,277,2024,10,06
Up,35,2024,10,06
WheelDown,5884,2024,10,06
WheelUp,3531,2024,10,06
\,5,2024,10,06
`,4,2024,10,06
a,5301,2024,10,06
b,79,2024,10,06
c,145,2024,10,06
d,4720,2024,10,06
e,599,2024,10,06
f,1951,2024,10,06
g,222,2024,10,06
h,254,2024,10,06
i,509,2024,10,06
j,99,2024,10,06
k,45,2024,10,06
l,88,2024,10,06
m,66,2024,10,06
n,465,2024,10,06
o,275,2024,10,06
p,32,2024,10,06
q,54,2024,10,06
r,246,2024,10,06
s,1657,2024,10,06
sc000,1,2024,10,06
sc178,2,2024,10,06
t,50,2024,10,06
u,320,2024,10,06
v,155,2024,10,06
w,6020,2024,10,06
x,102,2024,10,06
y,99,2024,10,06
z,99,2024,10,06
',34,2024,10,07
",",136,2024,10,07
-,85,2024,10,07
.,114,2024,10,07
/,57,2024,10,07
0,50,2024,10,07
1,1213,2024,10,07
2,73,2024,10,07
3,32,2024,10,07
4,23,2024,10,07
5,5,2024,10,07
6,7,2024,10,07
7,3,2024,10,07
8,12,2024,10,07
9,52,2024,10,07
;,68,2024,10,07
<#r,2,2024,10,07
<+',21,2024,10,07
"<+,",28,2024,10,07
<+-,65,2024,10,07
<+.,8,2024,10,07
<+/,2,2024,10,07
<+0,32,2024,10,07
<+1,4,2024,10,07
<+2,1,2024,10,07
<+3,6,2024,10,07
<+4,9,2024,10,07
<+5,2,2024,10,07
<+7,2,2024,10,07
<+8,12,2024,10,07
<+9,47,2024,10,07
<+;,33,2024,10,07
<+=,34,2024,10,07
<+Down,51,2024,10,07
<+Enter,6,2024,10,07
<+Left,176,2024,10,07
<+Right,105,2024,10,07
<+Up,8,2024,10,07
<+[,6,2024,10,07
<+],2,2024,10,07
<+`,3,2024,10,07
<+a,21,2024,10,07
<+b,2,2024,10,07
<+c,12,2024,10,07
<+d,5,2024,10,07
<+f,16,2024,10,07
<+g,5,2024,10,07
<+i,6,2024,10,07
<+l,7,2024,10,07
<+m,6,2024,10,07
<+n,7,2024,10,07
<+o,13,2024,10,07
<+p,4,2024,10,07
<+s,27,2024,10,07
<+t,18,2024,10,07
<+w,5,2024,10,07
<+x,1,2024,10,07
<^',1,2024,10,07
<^/,51,2024,10,07
<^3,1,2024,10,07
<^Down,2,2024,10,07
<^Up,2,2024,10,07
<^c,28,2024,10,07
<^f,2,2024,10,07
<^s,62,2024,10,07
<^v,34,2024,10,07
<^x,10,2024,10,07
<^z,15,2024,10,07
=,59,2024,10,07
Backspace,2291,2024,10,07
CapsLock,10,2024,10,07
Down,6313,2024,10,07
Enter,347,2024,10,07
Escape,1,2024,10,07
F11,30,2024,10,07
F22,1,2024,10,07
LButton,1983,2024,10,07
LControl,218,2024,10,07
LShift,960,2024,10,07
LWin,4,2024,10,07
Left,2986,2024,10,07
Numlock,2,2024,10,07
Numpad0,1,2024,10,07
Numpad4,1,2024,10,07
NumpadSub,1,2024,10,07
PgDn,10,2024,10,07
PrintScreen,10,2024,10,07
RButton,57,2024,10,07
RShift,4,2024,10,07
Right,4862,2024,10,07
Space,112,2024,10,07
Tab,18,2024,10,07
Up,5236,2024,10,07
WheelDown,168,2024,10,07
WheelUp,79,2024,10,07
[,27,2024,10,07
\,42,2024,10,07
],3,2024,10,07
`,5,2024,10,07
a,744,2024,10,07
b,147,2024,10,07
c,253,2024,10,07
d,315,2024,10,07
e,664,2024,10,07
f,158,2024,10,07
g,519,2024,10,07
h,476,2024,10,07
i,1212,2024,10,07
j,208,2024,10,07
k,76,2024,10,07
l,240,2024,10,07
m,122,2024,10,07
n,897,2024,10,07
o,553,2024,10,07
p,75,2024,10,07
q,84,2024,10,07
r,174,2024,10,07
s,394,2024,10,07
t,274,2024,10,07
u,725,2024,10,07
v,54,2024,10,07
w,121,2024,10,07
x,257,2024,10,07
y,302,2024,10,07
z,240,2024,10,07
',3,2024,10,08
",",50,2024,10,08
-,12,2024,10,08
.,41,2024,10,08
/,25,2024,10,08
0,43,2024,10,08
1,741,2024,10,08
2,92,2024,10,08
3,47,2024,10,08
4,28,2024,10,08
5,29,2024,10,08
6,17,2024,10,08
7,13,2024,10,08
8,17,2024,10,08
9,20,2024,10,08
;,22,2024,10,08
<#r,1,2024,10,08
<+',1,2024,10,08
"<+,",33,2024,10,08
<+-,8,2024,10,08
<+.,23,2024,10,08
<+/,6,2024,10,08
<+0,4,2024,10,08
<+1,8,2024,10,08
<+2,2,2024,10,08
<+3,2,2024,10,08
<+5,2,2024,10,08
<+9,4,2024,10,08
<+;,14,2024,10,08
<+=,5,2024,10,08
<+Backspace,4,2024,10,08
<+CapsLock,1,2024,10,08
<+Down,3,2024,10,08
<+Enter,2,2024,10,08
<+Left,14,2024,10,08
<+Space,3,2024,10,08
<+Up,30,2024,10,08
<+[,2,2024,10,08
<+a,19,2024,10,08
<+c,12,2024,10,08
<+d,2,2024,10,08
<+e,2,2024,10,08
<+f,19,2024,10,08
<+g,3,2024,10,08
<+i,2,2024,10,08
<+j,1,2024,10,08
<+l,2,2024,10,08
<+m,5,2024,10,08
<+n,2,2024,10,08
<+o,8,2024,10,08
<+p,4,2024,10,08
<+s,3,2024,10,08
<+u,2,2024,10,08
<+w,9,2024,10,08
<+z,2,2024,10,08
<^/,19,2024,10,08
<^<!a,2,2024,10,08
<^<#F24,1,2024,10,08
<^a,18,2024,10,08
<^c,58,2024,10,08
<^n,1,2024,10,08
<^s,49,2024,10,08
<^v,106,2024,10,08
<^x,17,2024,10,08
<^z,25,2024,10,08
=,11,2024,10,08
Backspace,1215,2024,10,08
CapsLock,4,2024,10,08
Down,431,2024,10,08
Enter,304,2024,10,08
F11,2,2024,10,08
F12,4,2024,10,08
F22,10,2024,10,08
F24,1,2024,10,08
LAlt,2,2024,10,08
LButton,7232,2024,10,08
LControl,346,2024,10,08
LShift,362,2024,10,08
LWin,2,2024,10,08
Left,647,2024,10,08
MButton,1,2024,10,08
Media_Next,1,2024,10,08
Media_Play_Pause,8,2024,10,08
NumpadEnter,1,2024,10,08
PrintScreen,1,2024,10,08
RButton,123,2024,10,08
RShift,1,2024,10,08
Right,1195,2024,10,08
Space,152,2024,10,08
Tab,60,2024,10,08
Up,246,2024,10,08
WheelDown,3498,2024,10,08
WheelUp,3083,2024,10,08
[,2,2024,10,08
\,8,2024,10,08
`,9,2024,10,08
a,636,2024,10,08
b,91,2024,10,08
c,159,2024,10,08
d,203,2024,10,08
e,370,2024,10,08
f,200,2024,10,08
g,239,2024,10,08
h,361,2024,10,08
i,659,2024,10,08
j,118,2024,10,08
k,54,2024,10,08
l,105,2024,10,08
m,83,2024,10,08
n,507,2024,10,08
o,303,2024,10,08
p,53,2024,10,08
q,39,2024,10,08
r,36,2024,10,08
s,244,2024,10,08
sc000,1,2024,10,08
sc178,6,2024,10,08
t,98,2024,10,08
u,395,2024,10,08
v,116,2024,10,08
w,282,2024,10,08
x,126,2024,10,08
y,156,2024,10,08
z,168,2024,10,08
',32,2024,10,09
",",130,2024,10,09
-,107,2024,10,09
.,166,2024,10,09
/,44,2024,10,09
0,64,2024,10,09
1,1844,2024,10,09
2,185,2024,10,09
3,59,2024,10,09
4,44,2024,10,09
5,35,2024,10,09
6,12,2024,10,09
7,8,2024,10,09
8,18,2024,10,09
9,83,2024,10,09
;,69,2024,10,09
<#r,2,2024,10,09
<+',7,2024,10,09
"<+,",7,2024,10,09
<+-,44,2024,10,09
<+.,5,2024,10,09
<+/,24,2024,10,09
<+0,26,2024,10,09
<+1,10,2024,10,09
<+2,7,2024,10,09
<+3,1,2024,10,09
<+5,2,2024,10,09
<+8,6,2024,10,09
<+9,78,2024,10,09
<+;,58,2024,10,09
<+=,43,2024,10,09
<+Backspace,1,2024,10,09
<+Down,18,2024,10,09
<+Enter,1,2024,10,09
<+Left,19,2024,10,09
<+Right,60,2024,10,09
<+Space,140,2024,10,09
<+Tab,1,2024,10,09
<+Up,12,2024,10,09
<+],1,2024,10,09
<+a,437,2024,10,09
<+b,10,2024,10,09
<+c,7,2024,10,09
<+d,323,2024,10,09
<+e,8,2024,10,09
<+f,14,2024,10,09
<+g,2,2024,10,09
<+h,1,2024,10,09
<+i,3,2024,10,09
<+j,1,2024,10,09
<+k,1,2024,10,09
<+l,14,2024,10,09
<+m,1,2024,10,09
<+n,12,2024,10,09
<+o,3,2024,10,09
<+p,5,2024,10,09
<+q,5,2024,10,09
<+r,2,2024,10,09
<+s,20,2024,10,09
<+t,2,2024,10,09
<+u,2,2024,10,09
<+v,1,2024,10,09
<+w,302,2024,10,09
<+x,5,2024,10,09
<+z,1,2024,10,09
<^/,11,2024,10,09
<^<!a,15,2024,10,09
<^Space,1,2024,10,09
<^a,1,2024,10,09
<^c,21,2024,10,09
<^f,2,2024,10,09
<^s,50,2024,10,09
<^v,52,2024,10,09
<^x,12,2024,10,09
<^z,4,2024,10,09
=,134,2024,10,09
>+/,1,2024,10,09
Backspace,3016,2024,10,09
CapsLock,2,2024,10,09
Down,1030,2024,10,09
Enter,1090,2024,10,09
Escape,4,2024,10,09
F11,4,2024,10,09
F22,8,2024,10,09
LAlt,15,2024,10,09
LButton,9467,2024,10,09
LControl,194,2024,10,09
LShift,1936,2024,10,09
LWin,3,2024,10,09
Left,1027,2024,10,09
Media_Play_Pause,10,2024,10,09
Numlock,7,2024,10,09
Numpad0,1,2024,10,09
Numpad1,1,2024,10,09
Numpad2,1,2024,10,09
Numpad3,2,2024,10,09
Numpad5,7,2024,10,09
Numpad7,3,2024,10,09
RButton,104,2024,10,09
RShift,1,2024,10,09
Right,1820,2024,10,09
Space,758,2024,10,09
Tab,158,2024,10,09
Up,786,2024,10,09
WheelDown,4974,2024,10,09
WheelUp,4605,2024,10,09
[,27,2024,10,09
\,11,2024,10,09
],2,2024,10,09
`,1,2024,10,09
a,2919,2024,10,09
b,272,2024,10,09
c,210,2024,10,09
d,1906,2024,10,09
e,1190,2024,10,09
f,498,2024,10,09
g,626,2024,10,09
h,814,2024,10,09
i,1729,2024,10,09
j,269,2024,10,09
k,106,2024,10,09
l,359,2024,10,09
m,238,2024,10,09
n,1356,2024,10,09
o,775,2024,10,09
p,118,2024,10,09
q,107,2024,10,09
r,307,2024,10,09
s,1124,2024,10,09
sc178,1,2024,10,09
t,341,2024,10,09
u,971,2024,10,09
v,65,2024,10,09
w,2175,2024,10,09
x,293,2024,10,09
y,332,2024,10,09
z,378,2024,10,09
',26,2024,10,10
",",118,2024,10,10
-,21,2024,10,10
.,54,2024,10,10
/,18,2024,10,10
0,159,2024,10,10
1,541,2024,10,10
2,107,2024,10,10
3,47,2024,10,10
4,22,2024,10,10
5,62,2024,10,10
6,12,2024,10,10
7,39,2024,10,10
8,29,2024,10,10
9,101,2024,10,10
;,152,2024,10,10
<+',20,2024,10,10
"<+,",29,2024,10,10
<+.,4,2024,10,10
<+/,16,2024,10,10
<+0,5,2024,10,10
<+1,2,2024,10,10
<+2,3,2024,10,10
<+3,13,2024,10,10
<+5,46,2024,10,10
<+6,5,2024,10,10
<+7,27,2024,10,10
<+8,15,2024,10,10
<+9,89,2024,10,10
<+;,3,2024,10,10
<+=,70,2024,10,10
<+Backspace,6,2024,10,10
<+Down,2,2024,10,10
<+Enter,37,2024,10,10
<+Left,5,2024,10,10
<+Right,4,2024,10,10
<+Space,157,2024,10,10
<+Tab,1,2024,10,10
<+Up,12,2024,10,10
<+[,39,2024,10,10
<+],1,2024,10,10
<+a,557,2024,10,10
<+b,1,2024,10,10
<+c,8,2024,10,10
<+d,301,2024,10,10
<+e,11,2024,10,10
<+f,177,2024,10,10
<+g,2,2024,10,10
<+i,4,2024,10,10
<+k,1,2024,10,10
<+l,1,2024,10,10
<+m,2,2024,10,10
<+o,2,2024,10,10
<+p,5,2024,10,10
<+q,8,2024,10,10
<+r,4,2024,10,10
<+s,20,2024,10,10
<+t,6,2024,10,10
<+v,1,2024,10,10
<+w,466,2024,10,10
<+x,2,2024,10,10
<+z,2,2024,10,10
<^/,2,2024,10,10
<^<!a,2,2024,10,10
<^<!c,2,2024,10,10
<^<!d,1,2024,10,10
<^<!q,2,2024,10,10
<^<!s,3,2024,10,10
<^<!w,2,2024,10,10
<^<!x,4,2024,10,10
<^<!z,3,2024,10,10
<^Enter,1,2024,10,10
<^a,7,2024,10,10
<^c,15,2024,10,10
<^n,4,2024,10,10
<^s,9,2024,10,10
<^v,36,2024,10,10
<^x,9,2024,10,10
<^z,2,2024,10,10
=,167,2024,10,10
Backspace,1012,2024,10,10
Down,545,2024,10,10
Enter,536,2024,10,10
Escape,4,2024,10,10
F11,9,2024,10,10
F22,6,2024,10,10
F7,36,2024,10,10
F8,1,2024,10,10
F9,1,2024,10,10
LAlt,19,2024,10,10
LButton,5371,2024,10,10
LControl,109,2024,10,10
LShift,2325,2024,10,10
Left,375,2024,10,10
MButton,2,2024,10,10
Media_Play_Pause,7,2024,10,10
Numlock,9,2024,10,10
Numpad4,1,2024,10,10
RAlt,1,2024,10,10
RButton,106,2024,10,10
RShift,1,2024,10,10
Right,827,2024,10,10
Space,1404,2024,10,10
Tab,205,2024,10,10
Up,497,2024,10,10
WheelDown,6210,2024,10,10
WheelUp,4155,2024,10,10
[,139,2024,10,10
\,6,2024,10,10
],2,2024,10,10
a,2909,2024,10,10
b,114,2024,10,10
c,146,2024,10,10
d,2247,2024,10,10
e,423,2024,10,10
f,722,2024,10,10
g,198,2024,10,10
h,247,2024,10,10
i,738,2024,10,10
j,78,2024,10,10
k,34,2024,10,10
l,173,2024,10,10
m,147,2024,10,10
n,553,2024,10,10
o,266,2024,10,10
p,50,2024,10,10
q,71,2024,10,10
r,146,2024,10,10
s,837,2024,10,10
t,223,2024,10,10
u,298,2024,10,10
v,55,2024,10,10
vk07,2,2024,10,10
w,3078,2024,10,10
x,115,2024,10,10
y,100,2024,10,10
z,105,2024,10,10
',19,2024,10,11
",",127,2024,10,11
-,28,2024,10,11
.,44,2024,10,11
/,64,2024,10,11
0,187,2024,10,11
1,946,2024,10,11
2,112,2024,10,11
3,63,2024,10,11
4,23,2024,10,11
5,29,2024,10,11
6,13,2024,10,11
7,17,2024,10,11
8,21,2024,10,11
9,64,2024,10,11
;,36,2024,10,11
<+',12,2024,10,11
"<+,",9,2024,10,11
<+-,15,2024,10,11
<+.,2,2024,10,11
<+/,4,2024,10,11
<+0,9,2024,10,11
<+1,2,2024,10,11
<+2,1,2024,10,11
<+3,8,2024,10,11
<+4,2,2024,10,11
<+5,17,2024,10,11
<+7,4,2024,10,11
<+8,8,2024,10,11
<+9,30,2024,10,11
<+;,14,2024,10,11
<+=,18,2024,10,11
<+Backspace,4,2024,10,11
<+Down,41,2024,10,11
<+Enter,11,2024,10,11
<+Left,30,2024,10,11
<+Right,11,2024,10,11
<+Space,82,2024,10,11
<+Tab,4,2024,10,11
<+Up,52,2024,10,11
<+[,13,2024,10,11
<+\,4,2024,10,11
<+],7,2024,10,11
<+a,464,2024,10,11
<+b,9,2024,10,11
<+c,2,2024,10,11
<+d,236,2024,10,11
<+e,16,2024,10,11
<+f,20,2024,10,11
<+g,3,2024,10,11
<+i,10,2024,10,11
<+l,5,2024,10,11
<+m,4,2024,10,11
<+n,3,2024,10,11
<+o,10,2024,10,11
<+p,12,2024,10,11
<+r,10,2024,10,11
<+s,18,2024,10,11
<+t,11,2024,10,11
<+u,5,2024,10,11
<+w,151,2024,10,11
<+x,3,2024,10,11
<+y,7,2024,10,11
<^/,53,2024,10,11
<^<!a,6,2024,10,11
<^Down,1,2024,10,11
<^a,9,2024,10,11
<^c,21,2024,10,11
<^f,2,2024,10,11
<^n,1,2024,10,11
<^s,103,2024,10,11
<^v,51,2024,10,11
<^x,7,2024,10,11
<^z,17,2024,10,11
=,44,2024,10,11
Backspace,1813,2024,10,11
Down,1588,2024,10,11
Enter,746,2024,10,11
Escape,3,2024,10,11
F12,8,2024,10,11
F22,12,2024,10,11
LAlt,6,2024,10,11
LButton,5237,2024,10,11
LControl,289,2024,10,11
LShift,1490,2024,10,11
LWin,6,2024,10,11
Left,1120,2024,10,11
MButton,7,2024,10,11
Media_Play_Pause,3,2024,10,11
Numpad0,1,2024,10,11
Numpad4,2,2024,10,11
Numpad7,2,2024,10,11
PrintScreen,1,2024,10,11
RButton,106,2024,10,11
RShift,5,2024,10,11
Right,2001,2024,10,11
Space,445,2024,10,11
Tab,135,2024,10,11
Up,1645,2024,10,11
WheelDown,6383,2024,10,11
WheelUp,5610,2024,10,11
[,24,2024,10,11
\,51,2024,10,11
],15,2024,10,11
`,4,2024,10,11
a,2012,2024,10,11
b,191,2024,10,11
c,173,2024,10,11
d,1275,2024,10,11
e,779,2024,10,11
f,233,2024,10,11
g,338,2024,10,11
h,420,2024,10,11
i,947,2024,10,11
j,165,2024,10,11
k,52,2024,10,11
l,198,2024,10,11
m,201,2024,10,11
n,748,2024,10,11
o,518,2024,10,11
p,82,2024,10,11
q,62,2024,10,11
r,160,2024,10,11
s,954,2024,10,11
sc178,2,2024,10,11
t,163,2024,10,11
u,582,2024,10,11
v,88,2024,10,11
w,1789,2024,10,11
x,214,2024,10,11
y,226,2024,10,11
z,199,2024,10,11
',25,2024,10,12
",",48,2024,10,12
-,46,2024,10,12
.,13,2024,10,12
/,8,2024,10,12
0,111,2024,10,12
1,300,2024,10,12
2,66,2024,10,12
3,43,2024,10,12
4,12,2024,10,12
5,37,2024,10,12
6,9,2024,10,12
7,20,2024,10,12
8,24,2024,10,12
9,66,2024,10,12
;,91,2024,10,12
<+',16,2024,10,12
"<+,",19,2024,10,12
<+-,1,2024,10,12
<+.,3,2024,10,12
<+/,2,2024,10,12
<+0,1,2024,10,12
<+1,2,2024,10,12
<+2,3,2024,10,12
<+3,9,2024,10,12
<+5,20,2024,10,12
<+6,6,2024,10,12
<+7,11,2024,10,12
<+8,5,2024,10,12
<+9,54,2024,10,12
<+=,73,2024,10,12
<+Backspace,1,2024,10,12
<+Down,10,2024,10,12
<+Enter,18,2024,10,12
<+Left,23,2024,10,12
<+Space,107,2024,10,12
<+Tab,3,2024,10,12
<+Up,7,2024,10,12
<+[,19,2024,10,12
<+],2,2024,10,12
<+a,573,2024,10,12
<+b,1,2024,10,12
<+c,5,2024,10,12
<+d,335,2024,10,12
<+e,4,2024,10,12
<+f,134,2024,10,12
<+i,2,2024,10,12
<+p,3,2024,10,12
<+q,6,2024,10,12
<+r,2,2024,10,12
<+s,39,2024,10,12
<+w,338,2024,10,12
<+x,1,2024,10,12
<+z,1,2024,10,12
<^/,3,2024,10,12
<^<!a,13,2024,10,12
<^a,18,2024,10,12
<^c,34,2024,10,12
<^f,1,2024,10,12
<^n,7,2024,10,12
<^s,11,2024,10,12
<^v,54,2024,10,12
<^x,5,2024,10,12
<^z,5,2024,10,12
=,147,2024,10,12
>+Enter,1,2024,10,12
Backspace,743,2024,10,12
CapsLock,4,2024,10,12
Down,346,2024,10,12
Enter,320,2024,10,12
Escape,27,2024,10,12
F11,20,2024,10,12
F12,1,2024,10,12
F22,3,2024,10,12
F7,34,2024,10,12
LAlt,13,2024,10,12
LButton,5143,2024,10,12
LControl,157,2024,10,12
LShift,2005,2024,10,12
LWin,3,2024,10,12
Left,744,2024,10,12
Media_Play_Pause,5,2024,10,12
Numlock,1,2024,10,12
Numpad4,1,2024,10,12
NumpadAdd,1,2024,10,12
RButton,71,2024,10,12
RShift,2,2024,10,12
Right,1078,2024,10,12
Space,927,2024,10,12
Tab,135,2024,10,12
Up,313,2024,10,12
WheelDown,2412,2024,10,12
WheelUp,2180,2024,10,12
[,116,2024,10,12
\,8,2024,10,12
],7,2024,10,12
`,3,2024,10,12
a,2541,2024,10,12
b,49,2024,10,12
c,93,2024,10,12
d,2022,2024,10,12
e,279,2024,10,12
f,649,2024,10,12
g,86,2024,10,12
h,101,2024,10,12
i,333,2024,10,12
j,89,2024,10,12
k,41,2024,10,12
l,46,2024,10,12
m,58,2024,10,12
n,274,2024,10,12
o,105,2024,10,12
p,50,2024,10,12
q,18,2024,10,12
r,107,2024,10,12
s,789,2024,10,12
t,105,2024,10,12
u,120,2024,10,12
v,67,2024,10,12
w,2930,2024,10,12
x,59,2024,10,12
y,61,2024,10,12
z,52,2024,10,12
',62,2024,10,13
",",156,2024,10,13
-,39,2024,10,13
.,91,2024,10,13
/,36,2024,10,13
0,104,2024,10,13
1,951,2024,10,13
2,119,2024,10,13
3,80,2024,10,13
4,52,2024,10,13
5,42,2024,10,13
6,16,2024,10,13
7,20,2024,10,13
8,46,2024,10,13
9,134,2024,10,13
;,137,2024,10,13
<+',18,2024,10,13
"<+,",29,2024,10,13
<+-,29,2024,10,13
<+.,9,2024,10,13
<+/,10,2024,10,13
<+0,7,2024,10,13
<+1,15,2024,10,13
<+2,9,2024,10,13
<+3,20,2024,10,13
<+4,21,2024,10,13
<+5,23,2024,10,13
<+7,8,2024,10,13
<+8,22,2024,10,13
<+9,121,2024,10,13
<+;,26,2024,10,13
<+=,67,2024,10,13
<+Backspace,2,2024,10,13
<+Down,43,2024,10,13
<+Enter,26,2024,10,13
<+Left,26,2024,10,13
<+Right,33,2024,10,13
<+Tab,1,2024,10,13
<+Up,33,2024,10,13
<+[,34,2024,10,13
<+],2,2024,10,13
<+a,5,2024,10,13
<+b,5,2024,10,13
<+c,2,2024,10,13
<+d,16,2024,10,13
<+f,2,2024,10,13
<+g,1,2024,10,13
<+i,4,2024,10,13
<+k,1,2024,10,13
<+l,1,2024,10,13
<+m,2,2024,10,13
<+n,7,2024,10,13
<+o,2,2024,10,13
<+p,5,2024,10,13
<+s,5,2024,10,13
<+t,7,2024,10,13
<+u,3,2024,10,13
<+w,1,2024,10,13
<+x,1,2024,10,13
<+y,3,2024,10,13
<+z,3,2024,10,13
<^/,16,2024,10,13
<^<!a,4,2024,10,13
<^a,4,2024,10,13
<^c,23,2024,10,13
<^f,1,2024,10,13
<^n,6,2024,10,13
<^s,26,2024,10,13
<^v,38,2024,10,13
<^x,7,2024,10,13
<^z,34,2024,10,13
=,170,2024,10,13
Backspace,2212,2024,10,13
Down,1215,2024,10,13
Enter,541,2024,10,13
Escape,5,2024,10,13
F11,30,2024,10,13
F22,1,2024,10,13
LAlt,5,2024,10,13
LButton,4503,2024,10,13
LControl,179,2024,10,13
LShift,821,2024,10,13
LWin,2,2024,10,13
Left,1490,2024,10,13
Media_Play_Pause,3,2024,10,13
Numlock,2,2024,10,13
NumpadDel,6,2024,10,13
NumpadHome,1,2024,10,13
PrintScreen,2,2024,10,13
RAlt,1,2024,10,13
RButton,61,2024,10,13
RControl,1,2024,10,13
RShift,1,2024,10,13
Right,2496,2024,10,13
Space,219,2024,10,13
Tab,53,2024,10,13
Up,1038,2024,10,13
WheelDown,3627,2024,10,13
WheelUp,3057,2024,10,13
[,99,2024,10,13
\,31,2024,10,13
],3,2024,10,13
`,4,2024,10,13
a,739,2024,10,13
b,113,2024,10,13
c,184,2024,10,13
d,304,2024,10,13
e,656,2024,10,13
f,138,2024,10,13
g,427,2024,10,13
h,439,2024,10,13
i,1067,2024,10,13
j,117,2024,10,13
k,73,2024,10,13
l,198,2024,10,13
m,168,2024,10,13
n,883,2024,10,13
o,417,2024,10,13
p,102,2024,10,13
q,59,2024,10,13
r,222,2024,10,13
s,367,2024,10,13
t,277,2024,10,13
u,527,2024,10,13
v,48,2024,10,13
w,114,2024,10,13
x,146,2024,10,13
y,217,2024,10,13
z,205,2024,10,13
',5,2024,10,14
",",41,2024,10,14
-,9,2024,10,14
.,23,2024,10,14
/,28,2024,10,14
0,94,2024,10,14
1,458,2024,10,14
2,72,2024,10,14
3,35,2024,10,14
4,22,2024,10,14
5,41,2024,10,14
6,12,2024,10,14
7,10,2024,10,14
8,15,2024,10,14
9,13,2024,10,14
;,17,2024,10,14
<+',5,2024,10,14
"<+,",17,2024,10,14
<+.,14,2024,10,14
<+/,13,2024,10,14
<+0,3,2024,10,14
<+1,1,2024,10,14
<+5,7,2024,10,14
<+9,5,2024,10,14
<+;,11,2024,10,14
<+=,1,2024,10,14
<+Backspace,2,2024,10,14
<+Down,1,2024,10,14
<+Enter,4,2024,10,14
<+Up,11,2024,10,14
<+[,7,2024,10,14
<+a,3,2024,10,14
<+b,2,2024,10,14
<+c,4,2024,10,14
<+d,2,2024,10,14
<+h,3,2024,10,14
<+i,4,2024,10,14
<+m,1,2024,10,14
<+p,6,2024,10,14
<+s,2,2024,10,14
<+x,2,2024,10,14
<+z,5,2024,10,14
<^/,10,2024,10,14
<^<!a,2,2024,10,14
<^Space,1,2024,10,14
<^c,9,2024,10,14
<^f,1,2024,10,14
<^s,114,2024,10,14
<^v,39,2024,10,14
<^x,12,2024,10,14
<^z,10,2024,10,14
=,9,2024,10,14
Backspace,942,2024,10,14
CapsLock,2,2024,10,14
Down,250,2024,10,14
Enter,287,2024,10,14
Escape,18,2024,10,14
F11,2,2024,10,14
F12,9,2024,10,14
F22,13,2024,10,14
LAlt,2,2024,10,14
LButton,3730,2024,10,14
LControl,204,2024,10,14
LShift,175,2024,10,14
LWin,6,2024,10,14
Left,301,2024,10,14
Media_Play_Pause,9,2024,10,14
Numlock,2,2024,10,14
NumpadLeft,1,2024,10,14
PrintScreen,1,2024,10,14
RButton,72,2024,10,14
RShift,8,2024,10,14
Right,382,2024,10,14
Space,236,2024,10,14
Tab,23,2024,10,14
Up,152,2024,10,14
WheelDown,4745,2024,10,14
WheelUp,5278,2024,10,14
[,8,2024,10,14
\,4,2024,10,14
],3,2024,10,14
`,1,2024,10,14
a,346,2024,10,14
b,64,2024,10,14
c,80,2024,10,14
d,139,2024,10,14
e,230,2024,10,14
f,23,2024,10,14
g,156,2024,10,14
h,254,2024,10,14
i,460,2024,10,14
j,71,2024,10,14
k,33,2024,10,14
l,61,2024,10,14
m,74,2024,10,14
n,335,2024,10,14
o,221,2024,10,14
p,44,2024,10,14
q,21,2024,10,14
r,41,2024,10,14
s,239,2024,10,14
sc000,1,2024,10,14
t,70,2024,10,14
u,236,2024,10,14
v,58,2024,10,14
w,87,2024,10,14
x,95,2024,10,14
y,86,2024,10,14
z,108,2024,10,14
',24,2024,10,15
",",122,2024,10,15
-,95,2024,10,15
.,62,2024,10,15
/,49,2024,10,15
0,167,2024,10,15
1,263,2024,10,15
2,58,2024,10,15
3,63,2024,10,15
4,33,2024,10,15
5,60,2024,10,15
6,6,2024,10,15
7,27,2024,10,15
8,36,2024,10,15
9,142,2024,10,15
;,174,2024,10,15
<#`,1,2024,10,15
<#r,1,2024,10,15
<+',22,2024,10,15
"<+,",46,2024,10,15
<+-,8,2024,10,15
<+.,21,2024,10,15
<+/,3,2024,10,15
<+0,4,2024,10,15
<+1,5,2024,10,15
<+2,1,2024,10,15
<+3,11,2024,10,15
<+5,33,2024,10,15
<+7,21,2024,10,15
<+8,17,2024,10,15
<+9,123,2024,10,15
<+;,3,2024,10,15
<+=,89,2024,10,15
<+Down,9,2024,10,15
<+Enter,35,2024,10,15
<+Left,24,2024,10,15
<+Right,21,2024,10,15
<+Space,2,2024,10,15
<+Tab,6,2024,10,15
<+Up,51,2024,10,15
<+[,43,2024,10,15
<+a,29,2024,10,15
<+c,3,2024,10,15
<+d,7,2024,10,15
<+e,2,2024,10,15
<+i,3,2024,10,15
<+l,1,2024,10,15
<+m,3,2024,10,15
<+n,3,2024,10,15
<+o,1,2024,10,15
<+p,7,2024,10,15
<+s,14,2024,10,15
<+sc178,1,2024,10,15
<+t,3,2024,10,15
<+w,7,2024,10,15
<+z,1,2024,10,15
<^.,1,2024,10,15
<^/,33,2024,10,15
<^<!NumpadDel,2,2024,10,15
<^<!a,2,2024,10,15
<^<#F24,1,2024,10,15
<^Down,1,2024,10,15
<^`,3,2024,10,15
<^a,21,2024,10,15
<^c,32,2024,10,15
<^f,4,2024,10,15
<^n,2,2024,10,15
<^s,43,2024,10,15
<^v,60,2024,10,15
<^w,3,2024,10,15
<^x,8,2024,10,15
<^z,19,2024,10,15
=,209,2024,10,15
Backspace,1324,2024,10,15
CapsLock,2,2024,10,15
Down,1393,2024,10,15
Enter,661,2024,10,15
Escape,11,2024,10,15
F10,1,2024,10,15
F11,33,2024,10,15
F22,2,2024,10,15
F24,1,2024,10,15
F7,525,2024,10,15
F8,4,2024,10,15
LAlt,4,2024,10,15
LButton,7613,2024,10,15
LControl,245,2024,10,15
LShift,1109,2024,10,15
LWin,14,2024,10,15
Left,820,2024,10,15
Media_Play_Pause,11,2024,10,15
Numlock,2,2024,10,15
NumpadAdd,1,2024,10,15
NumpadDel,2,2024,10,15
NumpadEnter,1,2024,10,15
NumpadIns,1,2024,10,15
RButton,491,2024,10,15
RControl,1,2024,10,15
RShift,1,2024,10,15
Right,1395,2024,10,15
Space,1336,2024,10,15
Tab,62,2024,10,15
Up,1303,2024,10,15
WheelDown,4692,2024,10,15
WheelUp,3029,2024,10,15
[,161,2024,10,15
\,14,2024,10,15
],17,2024,10,15
`,5,2024,10,15
a,2745,2024,10,15
b,50,2024,10,15
c,132,2024,10,15
d,2366,2024,10,15
e,571,2024,10,15
f,152,2024,10,15
g,69,2024,10,15
h,92,2024,10,15
i,432,2024,10,15
j,56,2024,10,15
k,20,2024,10,15
l,158,2024,10,15
m,139,2024,10,15
n,399,2024,10,15
o,179,2024,10,15
p,106,2024,10,15
q,180,2024,10,15
r,162,2024,10,15
s,1486,2024,10,15
sc178,2,2024,10,15
t,236,2024,10,15
u,123,2024,10,15
v,72,2024,10,15
w,4347,2024,10,15
x,127,2024,10,15
y,54,2024,10,15
z,55,2024,10,15
',53,2024,10,16
",",208,2024,10,16
-,34,2024,10,16
.,104,2024,10,16
/,106,2024,10,16
0,134,2024,10,16
1,1127,2024,10,16
2,205,2024,10,16
3,128,2024,10,16
4,53,2024,10,16
5,48,2024,10,16
6,29,2024,10,16
7,54,2024,10,16
8,56,2024,10,16
9,149,2024,10,16
;,171,2024,10,16
<#r,7,2024,10,16
<+',37,2024,10,16
"<+,",86,2024,10,16
<+-,4,2024,10,16
<+.,19,2024,10,16
<+/,16,2024,10,16
<+0,19,2024,10,16
<+1,6,2024,10,16
<+2,3,2024,10,16
<+3,44,2024,10,16
<+5,17,2024,10,16
<+7,23,2024,10,16
<+8,18,2024,10,16
<+9,128,2024,10,16
<+;,11,2024,10,16
<+=,79,2024,10,16
<+Backspace,3,2024,10,16
<+Down,39,2024,10,16
<+Enter,33,2024,10,16
<+Left,32,2024,10,16
<+Right,17,2024,10,16
<+Space,4,2024,10,16
<+Tab,5,2024,10,16
<+Up,36,2024,10,16
<+[,36,2024,10,16
<+\,4,2024,10,16
<+],1,2024,10,16
<+a,5,2024,10,16
<+b,3,2024,10,16
<+c,18,2024,10,16
<+d,3,2024,10,16
<+e,12,2024,10,16
<+f,7,2024,10,16
<+h,1,2024,10,16
<+i,8,2024,10,16
<+j,1,2024,10,16
<+k,1,2024,10,16
<+l,4,2024,10,16
<+m,5,2024,10,16
<+n,12,2024,10,16
<+p,10,2024,10,16
<+r,1,2024,10,16
<+s,5,2024,10,16
<+t,3,2024,10,16
<+v,2,2024,10,16
<+w,2,2024,10,16
<+x,1,2024,10,16
<+y,1,2024,10,16
<+z,7,2024,10,16
<^/,74,2024,10,16
<^<!NumpadDel,1,2024,10,16
<^<!a,10,2024,10,16
<^a,21,2024,10,16
<^c,56,2024,10,16
<^f,5,2024,10,16
<^n,3,2024,10,16
<^s,121,2024,10,16
<^v,94,2024,10,16
<^x,10,2024,10,16
<^z,9,2024,10,16
=,198,2024,10,16
Backspace,2492,2024,10,16
CapsLock,14,2024,10,16
Delete,3,2024,10,16
Down,1861,2024,10,16
Enter,732,2024,10,16
Escape,12,2024,10,16
F10,1,2024,10,16
F11,35,2024,10,16
F12,2,2024,10,16
F22,7,2024,10,16
F7,426,2024,10,16
F8,1,2024,10,16
LAlt,11,2024,10,16
LButton,9519,2024,10,16
LControl,449,2024,10,16
LShift,1025,2024,10,16
LWin,7,2024,10,16
Left,1276,2024,10,16
Numlock,4,2024,10,16
Numpad4,1,2024,10,16
NumpadDel,1,2024,10,16
NumpadDot,1,2024,10,16
NumpadLeft,3,2024,10,16
RButton,223,2024,10,16
RControl,1,2024,10,16
RShift,9,2024,10,16
Right,1774,2024,10,16
Space,732,2024,10,16
Tab,86,2024,10,16
Up,1418,2024,10,16
WheelDown,9667,2024,10,16
WheelUp,6706,2024,10,16
[,158,2024,10,16
\,13,2024,10,16
],9,2024,10,16
`,4,2024,10,16
a,2069,2024,10,16
b,187,2024,10,16
c,339,2024,10,16
d,1178,2024,10,16
e,771,2024,10,16
f,177,2024,10,16
g,475,2024,10,16
h,605,2024,10,16
i,1298,2024,10,16
j,205,2024,10,16
k,64,2024,10,16
l,248,2024,10,16
m,175,2024,10,16
n,1031,2024,10,16
o,652,2024,10,16
p,155,2024,10,16
q,70,2024,10,16
r,185,2024,10,16
s,899,2024,10,16
sc178,1,2024,10,16
t,394,2024,10,16
u,684,2024,10,16
v,125,2024,10,16
w,1737,2024,10,16
x,225,2024,10,16
y,244,2024,10,16
z,219,2024,10,16
',12,2024,10,17
",",41,2024,10,17
-,31,2024,10,17
.,27,2024,10,17
/,20,2024,10,17
0,59,2024,10,17
1,686,2024,10,17
2,83,2024,10,17
3,87,2024,10,17
4,14,2024,10,17
5,40,2024,10,17
6,7,2024,10,17
7,10,2024,10,17
8,18,2024,10,17
9,23,2024,10,17
;,19,2024,10,17
<#r,1,2024,10,17
<+',4,2024,10,17
"<+,",4,2024,10,17
<+-,8,2024,10,17
<+/,11,2024,10,17
<+0,3,2024,10,17
<+1,1,2024,10,17
<+3,34,2024,10,17
<+5,7,2024,10,17
<+7,1,2024,10,17
<+8,5,2024,10,17
<+9,16,2024,10,17
<+=,7,2024,10,17
<+Backspace,1,2024,10,17
<+Down,20,2024,10,17
<+Enter,4,2024,10,17
<+Left,10,2024,10,17
<+Right,8,2024,10,17
<+[,4,2024,10,17
<+a,2,2024,10,17
<+b,2,2024,10,17
<+c,4,2024,10,17
<+d,1,2024,10,17
<+e,1,2024,10,17
<+f,3,2024,10,17
<+h,3,2024,10,17
<+i,2,2024,10,17
<+l,2,2024,10,17
<+n,2,2024,10,17
<+s,2,2024,10,17
<+t,2,2024,10,17
<+w,2,2024,10,17
<+x,4,2024,10,17
<+y,3,2024,10,17
<+z,4,2024,10,17
<^<!a,11,2024,10,17
<^a,1,2024,10,17
<^c,20,2024,10,17
<^f,2,2024,10,17
<^n,1,2024,10,17
<^s,2,2024,10,17
<^v,27,2024,10,17
<^x,1,2024,10,17
=,23,2024,10,17
>+Enter,1,2024,10,17
Backspace,721,2024,10,17
Delete,1,2024,10,17
Down,690,2024,10,17
Enter,273,2024,10,17
Escape,12,2024,10,17
F11,1,2024,10,17
F12,1,2024,10,17
F22,2,2024,10,17
LAlt,11,2024,10,17
LButton,6439,2024,10,17
LControl,78,2024,10,17
LShift,255,2024,10,17
LWin,1,2024,10,17
Left,244,2024,10,17
Media_Play_Pause,3,2024,10,17
Numlock,2,2024,10,17
PrintScreen,3,2024,10,17
RAlt,21,2024,10,17
RButton,33,2024,10,17
RShift,2,2024,10,17
Right,255,2024,10,17
Space,41,2024,10,17
Tab,5,2024,10,17
Up,330,2024,10,17
WheelDown,3277,2024,10,17
WheelUp,3093,2024,10,17
[,17,2024,10,17
\,14,2024,10,17
],6,2024,10,17
`,1,2024,10,17
a,696,2024,10,17
b,80,2024,10,17
c,145,2024,10,17
d,458,2024,10,17
e,350,2024,10,17
f,90,2024,10,17
g,257,2024,10,17
h,344,2024,10,17
i,720,2024,10,17
j,112,2024,10,17
k,64,2024,10,17
l,88,2024,10,17
m,80,2024,10,17
n,535,2024,10,17
o,284,2024,10,17
p,30,2024,10,17
q,38,2024,10,17
r,42,2024,10,17
s,227,2024,10,17
t,68,2024,10,17
u,396,2024,10,17
v,31,2024,10,17
w,391,2024,10,17
x,121,2024,10,17
y,119,2024,10,17
z,162,2024,10,17
',1,2024,10,18
",",59,2024,10,18
-,15,2024,10,18
.,60,2024,10,18
/,8,2024,10,18
0,17,2024,10,18
1,1094,2024,10,18
2,103,2024,10,18
3,40,2024,10,18
4,26,2024,10,18
5,12,2024,10,18
6,11,2024,10,18
7,9,2024,10,18
8,6,2024,10,18
9,22,2024,10,18
;,29,2024,10,18
<#r,2,2024,10,18
<+',1,2024,10,18
<+.,1,2024,10,18
<+/,4,2024,10,18
<+0,1,2024,10,18
<+2,1,2024,10,18
<+3,9,2024,10,18
<+6,1,2024,10,18
<+8,1,2024,10,18
<+9,3,2024,10,18
<+;,9,2024,10,18
<+Backspace,1,2024,10,18
<+Down,2,2024,10,18
<+Enter,2,2024,10,18
<+Right,15,2024,10,18
<+Up,3,2024,10,18
<+a,1,2024,10,18
<+b,5,2024,10,18
<+c,13,2024,10,18
<+d,2,2024,10,18
<+e,4,2024,10,18
<+f,1,2024,10,18
<+g,3,2024,10,18
<+i,1,2024,10,18
<+l,3,2024,10,18
<+m,3,2024,10,18
<+n,7,2024,10,18
<+o,4,2024,10,18
<+p,8,2024,10,18
<+q,2,2024,10,18
<+s,8,2024,10,18
<+sc178,2,2024,10,18
<+t,4,2024,10,18
<+u,2,2024,10,18
<+x,1,2024,10,18
<+y,2,2024,10,18
<+z,2,2024,10,18
<^-,2,2024,10,18
<^<!a,4,2024,10,18
<^=,3,2024,10,18
<^Enter,2,2024,10,18
<^a,3,2024,10,18
<^c,15,2024,10,18
<^f,1,2024,10,18
<^s,13,2024,10,18
<^v,66,2024,10,18
<^x,1,2024,10,18
<^z,16,2024,10,18
=,4,2024,10,18
>+Enter,1,2024,10,18
Backspace,1158,2024,10,18
CapsLock,2,2024,10,18
Down,544,2024,10,18
Enter,324,2024,10,18
F22,4,2024,10,18
LAlt,4,2024,10,18
LButton,3876,2024,10,18
LControl,157,2024,10,18
LShift,182,2024,10,18
LWin,2,2024,10,18
Left,758,2024,10,18
Numlock,1,2024,10,18
Numpad0,2,2024,10,18
Numpad4,2,2024,10,18
Numpad7,1,2024,10,18
NumpadDot,1,2024,10,18
RButton,58,2024,10,18
RShift,3,2024,10,18
Right,813,2024,10,18
Space,46,2024,10,18
Tab,37,2024,10,18
Up,340,2024,10,18
WheelDown,6674,2024,10,18
WheelUp,4640,2024,10,18
\,30,2024,10,18
],1,2024,10,18
`,9,2024,10,18
a,731,2024,10,18
b,124,2024,10,18
c,174,2024,10,18
d,248,2024,10,18
e,581,2024,10,18
f,64,2024,10,18
g,479,2024,10,18
h,572,2024,10,18
i,1018,2024,10,18
j,224,2024,10,18
k,71,2024,10,18
l,178,2024,10,18
m,89,2024,10,18
n,863,2024,10,18
o,425,2024,10,18
p,23,2024,10,18
q,75,2024,10,18
r,45,2024,10,18
s,319,2024,10,18
sc000,1,2024,10,18
sc178,2,2024,10,18
t,119,2024,10,18
u,630,2024,10,18
v,75,2024,10,18
w,161,2024,10,18
x,165,2024,10,18
y,247,2024,10,18
z,217,2024,10,18
",",7,2024,10,19
-,3,2024,10,19
.,1,2024,10,19
/,5,2024,10,19
0,5,2024,10,19
1,291,2024,10,19
2,35,2024,10,19
3,16,2024,10,19
4,7,2024,10,19
5,7,2024,10,19
6,4,2024,10,19
7,1,2024,10,19
8,2,2024,10,19
9,3,2024,10,19
<+/,2,2024,10,19
<+0,2,2024,10,19
<+3,4,2024,10,19
<+8,1,2024,10,19
<+9,2,2024,10,19
<+=,1,2024,10,19
<+Backspace,2,2024,10,19
<+a,1,2024,10,19
<+b,4,2024,10,19
<+c,18,2024,10,19
<+e,1,2024,10,19
<+f,1,2024,10,19
<+h,1,2024,10,19
<+i,4,2024,10,19
<+l,5,2024,10,19
<+m,1,2024,10,19
<+n,4,2024,10,19
<+p,9,2024,10,19
<+q,4,2024,10,19
<+t,1,2024,10,19
<+w,4,2024,10,19
<+x,1,2024,10,19
<^-,3,2024,10,19
<^=,1,2024,10,19
<^a,4,2024,10,19
<^c,72,2024,10,19
<^n,1,2024,10,19
<^s,3,2024,10,19
<^sc178,1,2024,10,19
<^v,125,2024,10,19
<^x,1,2024,10,19
<^z,43,2024,10,19
=,9,2024,10,19
Backspace,372,2024,10,19
Down,626,2024,10,19
Enter,171,2024,10,19
F22,14,2024,10,19
LButton,6572,2024,10,19
LControl,350,2024,10,19
LShift,83,2024,10,19
Left,174,2024,10,19
MButton,2,2024,10,19
Media_Play_Pause,2,2024,10,19
RButton,41,2024,10,19
Right,331,2024,10,19
Space,9,2024,10,19
Up,385,2024,10,19
WheelDown,4487,2024,10,19
WheelUp,2577,2024,10,19
\,2,2024,10,19
a,223,2024,10,19
b,53,2024,10,19
c,133,2024,10,19
d,77,2024,10,19
e,182,2024,10,19
f,12,2024,10,19
g,98,2024,10,19
h,158,2024,10,19
i,304,2024,10,19
j,52,2024,10,19
k,23,2024,10,19
l,71,2024,10,19
m,40,2024,10,19
n,229,2024,10,19
o,137,2024,10,19
p,18,2024,10,19
q,22,2024,10,19
r,23,2024,10,19
s,86,2024,10,19
sc178,1,2024,10,19
t,25,2024,10,19
u,161,2024,10,19
v,132,2024,10,19
w,52,2024,10,19
x,42,2024,10,19
y,50,2024,10,19
z,89,2024,10,19
',65,2024,10,20
",",195,2024,10,20
-,195,2024,10,20
.,80,2024,10,20
/,44,2024,10,20
0,258,2024,10,20
1,773,2024,10,20
2,137,2024,10,20
3,89,2024,10,20
4,29,2024,10,20
5,65,2024,10,20
6,6,2024,10,20
7,44,2024,10,20
8,23,2024,10,20
9,271,2024,10,20
;,326,2024,10,20
<!Tab,15,2024,10,20
<#r,1,2024,10,20
<+',49,2024,10,20
"<+,",41,2024,10,20
<+-,20,2024,10,20
<+.,31,2024,10,20
<+/,9,2024,10,20
<+0,25,2024,10,20
<+1,17,2024,10,20
<+2,2,2024,10,20
<+3,15,2024,10,20
<+5,45,2024,10,20
<+7,39,2024,10,20
<+8,18,2024,10,20
<+9,213,2024,10,20
<+;,7,2024,10,20
<+=,104,2024,10,20
<+Backspace,3,2024,10,20
<+Down,10,2024,10,20
<+Enter,61,2024,10,20
<+Left,49,2024,10,20
<+Up,21,2024,10,20
<+[,69,2024,10,20
<+\,2,2024,10,20
<+],4,2024,10,20
<+a,28,2024,10,20
<+b,7,2024,10,20
<+c,6,2024,10,20
<+d,11,2024,10,20
<+e,5,2024,10,20
<+g,1,2024,10,20
<+l,1,2024,10,20
<+m,29,2024,10,20
<+n,13,2024,10,20
<+o,7,2024,10,20
<+p,6,2024,10,20
<+s,1,2024,10,20
<+sc178,2,2024,10,20
<+t,4,2024,10,20
<+w,1,2024,10,20
<+x,17,2024,10,20
<^-,4,2024,10,20
<^/,9,2024,10,20
<^<#F24,2,2024,10,20
<^<+Tab,5,2024,10,20
<^<+Up,8,2024,10,20
<^=,5,2024,10,20
<^Down,1,2024,10,20
<^Tab,12,2024,10,20
<^a,9,2024,10,20
<^c,42,2024,10,20
<^d,10,2024,10,20
<^e,1,2024,10,20
<^n,8,2024,10,20
<^s,45,2024,10,20
<^v,44,2024,10,20
<^w,2,2024,10,20
<^x,8,2024,10,20
<^z,13,2024,10,20
=,488,2024,10,20
>+',2,2024,10,20
">+,",27,2024,10,20
>+-,1,2024,10,20
>+.,11,2024,10,20
>+0,2,2024,10,20
>+1,1,2024,10,20
>+3,1,2024,10,20
>+5,8,2024,10,20
>+8,2,2024,10,20
>+9,47,2024,10,20
>+=,86,2024,10,20
>+Backspace,1,2024,10,20
>+Enter,3,2024,10,20
>+Space,1,2024,10,20
>+[,10,2024,10,20
>+v,1,2024,10,20
>^/,1,2024,10,20
Backspace,2131,2024,10,20
Delete,2,2024,10,20
Down,1611,2024,10,20
End,10,2024,10,20
Enter,825,2024,10,20
F11,10,2024,10,20
F22,2,2024,10,20
F24,2,2024,10,20
F3,26,2024,10,20
F7,88,2024,10,20
F9,4,2024,10,20
LAlt,15,2024,10,20
LButton,3595,2024,10,20
LControl,264,2024,10,20
LShift,1095,2024,10,20
LWin,3,2024,10,20
Left,1953,2024,10,20
MButton,2,2024,10,20
Media_Play_Pause,4,2024,10,20
Numlock,9,2024,10,20
Numpad0,2,2024,10,20
Numpad1,1,2024,10,20
Numpad4,1,2024,10,20
NumpadEnd,2,2024,10,20
NumpadEnter,3,2024,10,20
RButton,65,2024,10,20
RControl,2,2024,10,20
RShift,219,2024,10,20
Right,2170,2024,10,20
Space,537,2024,10,20
Tab,101,2024,10,20
Up,1376,2024,10,20
WheelDown,4848,2024,10,20
WheelUp,4612,2024,10,20
[,252,2024,10,20
\,15,2024,10,20
],23,2024,10,20
`,15,2024,10,20
a,582,2024,10,20
b,127,2024,10,20
c,197,2024,10,20
d,241,2024,10,20
e,541,2024,10,20
f,202,2024,10,20
g,217,2024,10,20
h,270,2024,10,20
i,924,2024,10,20
j,158,2024,10,20
k,79,2024,10,20
l,287,2024,10,20
m,185,2024,10,20
n,858,2024,10,20
o,410,2024,10,20
p,182,2024,10,20
q,79,2024,10,20
r,236,2024,10,20
s,381,2024,10,20
sc178,17,2024,10,20
t,412,2024,10,20
u,349,2024,10,20
v,80,2024,10,20
w,109,2024,10,20
x,149,2024,10,20
y,137,2024,10,20
z,113,2024,10,20
',4,2024,10,21
",",20,2024,10,21
-,23,2024,10,21
.,16,2024,10,21
/,27,2024,10,21
0,48,2024,10,21
1,537,2024,10,21
2,67,2024,10,21
3,28,2024,10,21
4,24,2024,10,21
5,17,2024,10,21
6,6,2024,10,21
7,14,2024,10,21
8,11,2024,10,21
9,13,2024,10,21
;,32,2024,10,21
<#r,1,2024,10,21
<+',4,2024,10,21
<+.,7,2024,10,21
<+/,26,2024,10,21
<+0,4,2024,10,21
<+1,1,2024,10,21
<+2,1,2024,10,21
<+9,4,2024,10,21
<+;,28,2024,10,21
<+Down,3,2024,10,21
<+Up,2,2024,10,21
<+a,1,2024,10,21
<+c,1,2024,10,21
<+g,1,2024,10,21
<+m,1,2024,10,21
<+z,4,2024,10,21
<^<!a,2,2024,10,21
<^a,2,2024,10,21
<^c,13,2024,10,21
<^s,1,2024,10,21
<^v,19,2024,10,21
=,1,2024,10,21
Backspace,496,2024,10,21
Down,30,2024,10,21
Enter,112,2024,10,21
Escape,1,2024,10,21
F22,14,2024,10,21
LAlt,2,2024,10,21
LButton,4640,2024,10,21
LControl,38,2024,10,21
LShift,100,2024,10,21
LWin,2,2024,10,21
Left,153,2024,10,21
Numlock,11,2024,10,21
RButton,43,2024,10,21
Right,241,2024,10,21
Space,58,2024,10,21
Tab,1,2024,10,21
Up,21,2024,10,21
WheelDown,2335,2024,10,21
WheelUp,1716,2024,10,21
a,392,2024,10,21
b,51,2024,10,21
c,78,2024,10,21
d,110,2024,10,21
e,283,2024,10,21
f,22,2024,10,21
g,226,2024,10,21
h,298,2024,10,21
i,526,2024,10,21
j,82,2024,10,21
k,16,2024,10,21
l,70,2024,10,21
m,50,2024,10,21
n,407,2024,10,21
o,202,2024,10,21
p,19,2024,10,21
q,29,2024,10,21
r,33,2024,10,21
s,142,2024,10,21
t,36,2024,10,21
u,296,2024,10,21
v,24,2024,10,21
w,86,2024,10,21
x,74,2024,10,21
y,129,2024,10,21
z,122,2024,10,21
',7,2024,10,22
",",26,2024,10,22
-,17,2024,10,22
.,6,2024,10,22
/,4,2024,10,22
0,56,2024,10,22
1,295,2024,10,22
2,34,2024,10,22
3,10,2024,10,22
4,3,2024,10,22
5,10,2024,10,22
6,1,2024,10,22
7,9,2024,10,22
8,2,2024,10,22
9,38,2024,10,22
;,53,2024,10,22
<#r,4,2024,10,22
<+',4,2024,10,22
"<+,",9,2024,10,22
<+.,2,2024,10,22
<+/,3,2024,10,22
<+0,6,2024,10,22
<+1,2,2024,10,22
<+2,1,2024,10,22
<+3,1,2024,10,22
<+5,6,2024,10,22
<+7,5,2024,10,22
<+8,1,2024,10,22
<+9,35,2024,10,22
<+;,4,2024,10,22
<+=,29,2024,10,22
<+Down,13,2024,10,22
<+Enter,9,2024,10,22
<+Right,1,2024,10,22
<+Tab,1,2024,10,22
<+Up,1,2024,10,22
<+[,8,2024,10,22
<+\,2,2024,10,22
<+b,2,2024,10,22
<+e,1,2024,10,22
<+g,1,2024,10,22
<+k,1,2024,10,22
<+l,1,2024,10,22
<+m,3,2024,10,22
<+p,1,2024,10,22
<^<!a,6,2024,10,22
<^c,3,2024,10,22
<^f,1,2024,10,22
<^n,1,2024,10,22
<^s,1,2024,10,22
<^v,19,2024,10,22
<^x,2,2024,10,22
=,66,2024,10,22
Backspace,394,2024,10,22
CapsLock,10,2024,10,22
Down,773,2024,10,22
Enter,214,2024,10,22
Escape,2,2024,10,22
F12,1,2024,10,22
F22,14,2024,10,22
F3,19,2024,10,22
F7,12,2024,10,22
LAlt,6,2024,10,22
LButton,3333,2024,10,22
LControl,37,2024,10,22
LShift,173,2024,10,22
LWin,5,2024,10,22
Left,298,2024,10,22
Numpad5,1,2024,10,22
RButton,53,2024,10,22
RShift,4,2024,10,22
Right,321,2024,10,22
Space,307,2024,10,22
Tab,12,2024,10,22
Up,571,2024,10,22
WheelDown,1705,2024,10,22
WheelUp,1324,2024,10,22
[,33,2024,10,22
\,11,2024,10,22
],1,2024,10,22
`,1,2024,10,22
a,262,2024,10,22
b,36,2024,10,22
c,60,2024,10,22
d,84,2024,10,22
e,171,2024,10,22
f,47,2024,10,22
g,116,2024,10,22
h,143,2024,10,22
i,369,2024,10,22
j,46,2024,10,22
k,17,2024,10,22
l,69,2024,10,22
m,69,2024,10,22
n,300,2024,10,22
o,157,2024,10,22
p,26,2024,10,22
q,23,2024,10,22
r,43,2024,10,22
s,98,2024,10,22
sc178,1,2024,10,22
t,79,2024,10,22
u,167,2024,10,22
v,32,2024,10,22
w,52,2024,10,22
x,47,2024,10,22
y,64,2024,10,22
z,49,2024,10,22
',10,2024,10,23
",",24,2024,10,23
-,42,2024,10,23
.,38,2024,10,23
/,11,2024,10,23
0,21,2024,10,23
1,486,2024,10,23
2,38,2024,10,23
3,16,2024,10,23
4,11,2024,10,23
6,3,2024,10,23
7,2,2024,10,23
9,11,2024,10,23
;,15,2024,10,23
<+',3,2024,10,23
"<+,",2,2024,10,23
<+-,37,2024,10,23
<+.,5,2024,10,23
<+/,5,2024,10,23
<+0,3,2024,10,23
<+2,1,2024,10,23
<+7,1,2024,10,23
<+9,11,2024,10,23
<+;,9,2024,10,23
<+=,4,2024,10,23
<+Down,24,2024,10,23
<+Up,5,2024,10,23
<+a,3,2024,10,23
<+d,3,2024,10,23
<+i,8,2024,10,23
<+l,2,2024,10,23
<+m,1,2024,10,23
<+n,3,2024,10,23
<+o,1,2024,10,23
<+p,5,2024,10,23
<+s,1,2024,10,23
<+x,2,2024,10,23
<^-,1,2024,10,23
<^/,5,2024,10,23
<^<!a,3,2024,10,23
<^<#F24,1,2024,10,23
<^=,1,2024,10,23
<^a,4,2024,10,23
<^c,62,2024,10,23
<^f,10,2024,10,23
<^s,66,2024,10,23
<^v,80,2024,10,23
<^x,2,2024,10,23
<^z,23,2024,10,23
=,26,2024,10,23
Backspace,765,2024,10,23
CapsLock,2,2024,10,23
Down,1081,2024,10,23
Enter,377,2024,10,23
F22,14,2024,10,23
F24,1,2024,10,23
LAlt,3,2024,10,23
LButton,6006,2024,10,23
LControl,303,2024,10,23
LShift,159,2024,10,23
LWin,1,2024,10,23
Left,673,2024,10,23
Numlock,1,2024,10,23
Numpad4,1,2024,10,23
RButton,52,2024,10,23
RShift,3,2024,10,23
Right,989,2024,10,23
Space,45,2024,10,23
Tab,21,2024,10,23
Up,627,2024,10,23
WheelDown,9931,2024,10,23
WheelUp,9782,2024,10,23
[,19,2024,10,23
a,395,2024,10,23
b,53,2024,10,23
c,129,2024,10,23
d,156,2024,10,23
e,322,2024,10,23
f,59,2024,10,23
g,226,2024,10,23
h,243,2024,10,23
i,510,2024,10,23
j,60,2024,10,23
k,59,2024,10,23
l,111,2024,10,23
m,88,2024,10,23
n,464,2024,10,23
o,262,2024,10,23
p,52,2024,10,23
q,22,2024,10,23
r,38,2024,10,23
s,248,2024,10,23
sc178,2,2024,10,23
t,54,2024,10,23
u,290,2024,10,23
v,95,2024,10,23
w,68,2024,10,23
x,65,2024,10,23
y,88,2024,10,23
z,126,2024,10,23
',14,2024,10,24
",",115,2024,10,24
-,5,2024,10,24
.,72,2024,10,24
/,32,2024,10,24
0,64,2024,10,24
1,1468,2024,10,24
2,135,2024,10,24
3,45,2024,10,24
4,34,2024,10,24
5,20,2024,10,24
6,21,2024,10,24
7,5,2024,10,24
8,30,2024,10,24
9,14,2024,10,24
;,19,2024,10,24
<+',7,2024,10,24
"<+,",10,2024,10,24
<+-,4,2024,10,24
<+.,11,2024,10,24
<+/,10,2024,10,24
<+0,3,2024,10,24
<+2,1,2024,10,24
<+3,1,2024,10,24
<+5,1,2024,10,24
<+8,16,2024,10,24
<+9,12,2024,10,24
<+;,17,2024,10,24
<+=,6,2024,10,24
<+Down,9,2024,10,24
<+Left,23,2024,10,24
<+Right,60,2024,10,24
<+Up,11,2024,10,24
<+a,2,2024,10,24
<+b,2,2024,10,24
<+c,3,2024,10,24
<+d,6,2024,10,24
<+e,1,2024,10,24
<+f,1,2024,10,24
<+i,1,2024,10,24
<+k,1,2024,10,24
<+o,4,2024,10,24
<+p,10,2024,10,24
<+q,2,2024,10,24
<+s,3,2024,10,24
<+t,7,2024,10,24
<+u,1,2024,10,24
<+v,1,2024,10,24
<+w,1,2024,10,24
<+x,5,2024,10,24
<^.,1,2024,10,24
<^/,11,2024,10,24
<^<!a,3,2024,10,24
<^a,4,2024,10,24
<^c,34,2024,10,24
<^s,58,2024,10,24
<^v,63,2024,10,24
<^x,6,2024,10,24
<^z,8,2024,10,24
=,16,2024,10,24
Backspace,1884,2024,10,24
Down,419,2024,10,24
Enter,248,2024,10,24
F22,6,2024,10,24
F3,10,2024,10,24
LAlt,3,2024,10,24
LButton,8284,2024,10,24
LControl,194,2024,10,24
LShift,322,2024,10,24
Left,1398,2024,10,24
Media_Play_Pause,2,2024,10,24
NumpadAdd,1,2024,10,24
PrintScreen,1,2024,10,24
RButton,34,2024,10,24
RControl,2,2024,10,24
RShift,3,2024,10,24
Right,1908,2024,10,24
Space,26,2024,10,24
Tab,9,2024,10,24
Up,256,2024,10,24
WheelDown,2295,2024,10,24
WheelUp,1675,2024,10,24
[,18,2024,10,24
\,6,2024,10,24
],16,2024,10,24
a,1083,2024,10,24
b,157,2024,10,24
c,170,2024,10,24
d,317,2024,10,24
e,794,2024,10,24
f,122,2024,10,24
g,753,2024,10,24
h,791,2024,10,24
i,1430,2024,10,24
j,240,2024,10,24
k,74,2024,10,24
l,180,2024,10,24
m,136,2024,10,24
n,1227,2024,10,24
o,677,2024,10,24
p,72,2024,10,24
q,90,2024,10,24
r,114,2024,10,24
s,413,2024,10,24
t,123,2024,10,24
u,767,2024,10,24
v,70,2024,10,24
w,218,2024,10,24
x,252,2024,10,24
y,286,2024,10,24
z,364,2024,10,24
',26,2024,10,25
",",129,2024,10,25
-,79,2024,10,25
.,105,2024,10,25
/,16,2024,10,25
0,130,2024,10,25
1,973,2024,10,25
2,193,2024,10,25
3,69,2024,10,25
4,47,2024,10,25
5,62,2024,10,25
6,6,2024,10,25
7,34,2024,10,25
8,20,2024,10,25
9,181,2024,10,25
;,191,2024,10,25
<#r,1,2024,10,25
<+',16,2024,10,25
"<+,",30,2024,10,25
<+-,12,2024,10,25
<+.,12,2024,10,25
<+/,4,2024,10,25
<+0,24,2024,10,25
<+1,4,2024,10,25
<+2,6,2024,10,25
<+3,11,2024,10,25
<+5,29,2024,10,25
<+7,28,2024,10,25
<+8,13,2024,10,25
<+9,176,2024,10,25
<+;,25,2024,10,25
<+=,114,2024,10,25
<+Backspace,4,2024,10,25
<+Down,26,2024,10,25
<+Enter,35,2024,10,25
<+Left,12,2024,10,25
<+Right,14,2024,10,25
<+Tab,5,2024,10,25
<+Up,13,2024,10,25
<+[,44,2024,10,25
<+],5,2024,10,25
<+a,12,2024,10,25
<+c,39,2024,10,25
<+d,9,2024,10,25
<+e,1,2024,10,25
<+f,9,2024,10,25
<+g,1,2024,10,25
<+h,13,2024,10,25
<+i,2,2024,10,25
<+k,8,2024,10,25
<+l,2,2024,10,25
<+m,4,2024,10,25
<+n,10,2024,10,25
<+p,9,2024,10,25
<+r,3,2024,10,25
<+s,6,2024,10,25
<+t,14,2024,10,25
<+w,13,2024,10,25
<+x,24,2024,10,25
<+z,6,2024,10,25
<^/,5,2024,10,25
<^<!a,6,2024,10,25
<^<!s,1,2024,10,25
<^a,9,2024,10,25
<^c,35,2024,10,25
<^f,2,2024,10,25
<^n,3,2024,10,25
<^s,42,2024,10,25
<^v,98,2024,10,25
<^x,10,2024,10,25
<^z,21,2024,10,25
=,268,2024,10,25
Backspace,1631,2024,10,25
Down,858,2024,10,25
Enter,886,2024,10,25
F1,1,2024,10,25
F11,9,2024,10,25
F22,12,2024,10,25
F3,8,2024,10,25
F7,286,2024,10,25
LAlt,7,2024,10,25
LButton,7434,2024,10,25
LControl,255,2024,10,25
LShift,914,2024,10,25
LWin,1,2024,10,25
Left,1091,2024,10,25
Media_Play_Pause,7,2024,10,25
Numlock,3,2024,10,25
Numpad4,1,2024,10,25
NumpadDot,1,2024,10,25
RButton,103,2024,10,25
RShift,3,2024,10,25
Right,1484,2024,10,25
Space,156,2024,10,25
Tab,60,2024,10,25
Up,694,2024,10,25
WheelDown,7249,2024,10,25
WheelUp,4731,2024,10,25
[,167,2024,10,25
\,7,2024,10,25
],9,2024,10,25
`,5,2024,10,25
a,858,2024,10,25
b,126,2024,10,25
c,191,2024,10,25
d,312,2024,10,25
e,623,2024,10,25
f,132,2024,10,25
g,368,2024,10,25
h,442,2024,10,25
i,1186,2024,10,25
j,228,2024,10,25
k,110,2024,10,25
l,218,2024,10,25
m,250,2024,10,25
n,972,2024,10,25
o,505,2024,10,25
p,126,2024,10,25
q,65,2024,10,25
r,167,2024,10,25
s,490,2024,10,25
t,323,2024,10,25
u,562,2024,10,25
v,111,2024,10,25
w,149,2024,10,25
x,222,2024,10,25
y,200,2024,10,25
z,188,2024,10,25
',2,2024,10,26
",",13,2024,10,26
-,1,2024,10,26
.,3,2024,10,26
/,8,2024,10,26
0,23,2024,10,26
1,43,2024,10,26
2,9,2024,10,26
3,6,2024,10,26
5,4,2024,10,26
6,18,2024,10,26
7,5,2024,10,26
8,1,2024,10,26
9,7,2024,10,26
;,18,2024,10,26
<+',2,2024,10,26
"<+,",2,2024,10,26
<+/,8,2024,10,26
<+3,1,2024,10,26
<+5,4,2024,10,26
<+7,5,2024,10,26
<+8,1,2024,10,26
<+9,7,2024,10,26
<+=,7,2024,10,26
<+Enter,7,2024,10,26
<+[,6,2024,10,26
<+c,9,2024,10,26
<+g,2,2024,10,26
<+i,1,2024,10,26
<+p,4,2024,10,26
<+s,1,2024,10,26
<+sc178,1,2024,10,26
<+t,1,2024,10,26
<^<!a,3,2024,10,26
<^<#F24,1,2024,10,26
<^c,4,2024,10,26
<^f,1,2024,10,26
<^n,1,2024,10,26
<^v,6,2024,10,26
=,17,2024,10,26
Backspace,111,2024,10,26
Down,552,2024,10,26
Enter,66,2024,10,26
F24,1,2024,10,26
LAlt,3,2024,10,26
LButton,1677,2024,10,26
LControl,16,2024,10,26
LShift,74,2024,10,26
LWin,1,2024,10,26
Left,19,2024,10,26
RButton,9,2024,10,26
Right,34,2024,10,26
Space,21,2024,10,26
Tab,2,2024,10,26
Up,104,2024,10,26
WheelDown,630,2024,10,26
WheelUp,459,2024,10,26
[,16,2024,10,26
a,63,2024,10,26
b,15,2024,10,26
c,25,2024,10,26
d,26,2024,10,26
e,30,2024,10,26
f,6,2024,10,26
g,28,2024,10,26
h,38,2024,10,26
i,69,2024,10,26
j,7,2024,10,26
k,8,2024,10,26
l,9,2024,10,26
m,11,2024,10,26
n,68,2024,10,26
o,28,2024,10,26
p,8,2024,10,26
q,1,2024,10,26
r,7,2024,10,26
s,32,2024,10,26
sc178,2,2024,10,26
t,24,2024,10,26
u,32,2024,10,26
v,8,2024,10,26
w,6,2024,10,26
x,10,2024,10,26
y,8,2024,10,26
z,18,2024,10,26
",",10,2024,10,27
-,5,2024,10,27
.,13,2024,10,27
/,1,2024,10,27
0,45,2024,10,27
1,109,2024,10,27
2,56,2024,10,27
3,21,2024,10,27
4,14,2024,10,27
5,17,2024,10,27
6,1,2024,10,27
7,7,2024,10,27
8,21,2024,10,27
9,29,2024,10,27
;,36,2024,10,27
<!Space,1,2024,10,27
"<+,",2,2024,10,27
<+0,4,2024,10,27
<+1,1,2024,10,27
<+2,5,2024,10,27
<+3,4,2024,10,27
<+4,1,2024,10,27
<+5,6,2024,10,27
<+6,1,2024,10,27
<+9,25,2024,10,27
<+;,3,2024,10,27
<+=,21,2024,10,27
<+Down,2,2024,10,27
<+Enter,4,2024,10,27
<+Left,4,2024,10,27
<+Right,8,2024,10,27
<+Up,1,2024,10,27
<+[,5,2024,10,27
<+c,2,2024,10,27
<+h,1,2024,10,27
<+i,2,2024,10,27
<+m,2,2024,10,27
<+s,3,2024,10,27
<+t,2,2024,10,27
<+u,2,2024,10,27
<+x,1,2024,10,27
<+y,5,2024,10,27
<+z,10,2024,10,27
<^<!a,2,2024,10,27
<^c,2,2024,10,27
<^s,2,2024,10,27
<^v,10,2024,10,27
<^x,2,2024,10,27
=,38,2024,10,27
Backspace,207,2024,10,27
Down,153,2024,10,27
Enter,97,2024,10,27
F22,3,2024,10,27
LAlt,3,2024,10,27
LButton,1406,2024,10,27
LControl,18,2024,10,27
LShift,139,2024,10,27
Left,152,2024,10,27
Numpad0,1,2024,10,27
NumpadEnter,14,2024,10,27
PrintScreen,1,2024,10,27
RButton,38,2024,10,27
Right,174,2024,10,27
Space,21,2024,10,27
Tab,3,2024,10,27
Up,142,2024,10,27
WheelDown,336,2024,10,27
WheelUp,224,2024,10,27
[,44,2024,10,27
\,3,2024,10,27
],1,2024,10,27
a,95,2024,10,27
b,9,2024,10,27
c,41,2024,10,27
d,17,2024,10,27
e,71,2024,10,27
f,34,2024,10,27
g,67,2024,10,27
h,44,2024,10,27
i,166,2024,10,27
j,11,2024,10,27
k,13,2024,10,27
l,17,2024,10,27
m,32,2024,10,27
n,123,2024,10,27
o,53,2024,10,27
p,3,2024,10,27
q,11,2024,10,27
r,12,2024,10,27
s,52,2024,10,27
t,28,2024,10,27
u,55,2024,10,27
v,25,2024,10,27
w,14,2024,10,27
x,42,2024,10,27
y,46,2024,10,27
z,42,2024,10,27
',27,2024,10,28
",",62,2024,10,28
-,22,2024,10,28
.,13,2024,10,28
/,11,2024,10,28
0,38,2024,10,28
1,350,2024,10,28
2,32,2024,10,28
3,16,2024,10,28
4,6,2024,10,28
5,6,2024,10,28
6,3,2024,10,28
7,2,2024,10,28
8,6,2024,10,28
9,6,2024,10,28
;,17,2024,10,28
<+',6,2024,10,28
<+-,19,2024,10,28
<+/,8,2024,10,28
<+0,6,2024,10,28
<+1,1,2024,10,28
<+9,6,2024,10,28
<+;,12,2024,10,28
<+=,2,2024,10,28
<+Down,15,2024,10,28
<+Enter,2,2024,10,28
<+Left,132,2024,10,28
<+Right,38,2024,10,28
<+Up,5,2024,10,28
<+a,24,2024,10,28
<+b,19,2024,10,28
<+c,10,2024,10,28
<+d,28,2024,10,28
<+e,43,2024,10,28
<+f,16,2024,10,28
<+g,8,2024,10,28
<+h,15,2024,10,28
<+i,28,2024,10,28
<+l,6,2024,10,28
<+m,7,2024,10,28
<+n,10,2024,10,28
<+o,19,2024,10,28
<+p,15,2024,10,28
<+r,12,2024,10,28
<+s,23,2024,10,28
<+t,26,2024,10,28
<+u,2,2024,10,28
<+v,1,2024,10,28
<+w,6,2024,10,28
<+x,2,2024,10,28
<+y,17,2024,10,28
<^',5,2024,10,28
<^-,2,2024,10,28
<^<!a,6,2024,10,28
<^a,1,2024,10,28
<^c,18,2024,10,28
<^f,3,2024,10,28
<^n,1,2024,10,28
<^s,27,2024,10,28
<^v,38,2024,10,28
<^x,2,2024,10,28
<^z,3,2024,10,28
=,5,2024,10,28
>+Enter,1,2024,10,28
Backspace,681,2024,10,28
CapsLock,2,2024,10,28
Down,438,2024,10,28
Enter,453,2024,10,28
F22,13,2024,10,28
LAlt,6,2024,10,28
LButton,9458,2024,10,28
LControl,118,2024,10,28
LShift,613,2024,10,28
Left,492,2024,10,28
Media_Play_Pause,1,2024,10,28
Numlock,2,2024,10,28
Numpad6,2,2024,10,28
RButton,68,2024,10,28
RControl,1,2024,10,28
RShift,2,2024,10,28
Right,543,2024,10,28
Space,164,2024,10,28
Tab,18,2024,10,28
Up,322,2024,10,28
WheelDown,5366,2024,10,28
WheelUp,4717,2024,10,28
[,5,2024,10,28
\,2,2024,10,28
],1,2024,10,28
a,409,2024,10,28
b,78,2024,10,28
c,85,2024,10,28
d,191,2024,10,28
e,331,2024,10,28
f,47,2024,10,28
g,137,2024,10,28
h,221,2024,10,28
i,429,2024,10,28
j,64,2024,10,28
k,53,2024,10,28
l,67,2024,10,28
m,89,2024,10,28
n,322,2024,10,28
o,267,2024,10,28
p,82,2024,10,28
q,12,2024,10,28
r,62,2024,10,28
s,155,2024,10,28
t,102,2024,10,28
u,210,2024,10,28
v,84,2024,10,28
w,67,2024,10,28
x,70,2024,10,28
y,88,2024,10,28
z,84,2024,10,28
',1,2024,10,29
",",13,2024,10,29
-,4,2024,10,29
.,32,2024,10,29
/,47,2024,10,29
0,31,2024,10,29
1,463,2024,10,29
2,43,2024,10,29
3,14,2024,10,29
4,12,2024,10,29
5,7,2024,10,29
6,4,2024,10,29
7,3,2024,10,29
9,11,2024,10,29
;,1,2024,10,29
"<+,",1,2024,10,29
<+-,3,2024,10,29
<+/,9,2024,10,29
<+0,8,2024,10,29
<+3,1,2024,10,29
<+9,7,2024,10,29
<+=,1,2024,10,29
<+a,3,2024,10,29
<+b,3,2024,10,29
<+c,1,2024,10,29
<+d,7,2024,10,29
<+e,3,2024,10,29
<+f,2,2024,10,29
<+i,5,2024,10,29
<+l,8,2024,10,29
<+m,4,2024,10,29
<+n,4,2024,10,29
<+o,7,2024,10,29
<+p,14,2024,10,29
<+r,2,2024,10,29
<+s,4,2024,10,29
<+t,4,2024,10,29
<+u,2,2024,10,29
<+v,1,2024,10,29
<+w,3,2024,10,29
<+y,3,2024,10,29
<^/,30,2024,10,29
<^<!a,1,2024,10,29
<^c,21,2024,10,29
<^d,1,2024,10,29
<^f,2,2024,10,29
<^s,99,2024,10,29
<^v,28,2024,10,29
<^x,4,2024,10,29
<^z,10,2024,10,29
=,1,2024,10,29
Backspace,656,2024,10,29
Down,135,2024,10,29
Enter,402,2024,10,29
F22,6,2024,10,29
F3,8,2024,10,29
LAlt,1,2024,10,29
LButton,4010,2024,10,29
LControl,211,2024,10,29
LShift,129,2024,10,29
Left,116,2024,10,29
Media_Play_Pause,5,2024,10,29
RButton,71,2024,10,29
RControl,1,2024,10,29
RShift,1,2024,10,29
Right,199,2024,10,29
Space,47,2024,10,29
Up,313,2024,10,29
WheelDown,5014,2024,10,29
WheelUp,4741,2024,10,29
[,4,2024,10,29
\,3,2024,10,29
],1,2024,10,29
`,4,2024,10,29
a,330,2024,10,29
b,90,2024,10,29
c,103,2024,10,29
d,180,2024,10,29
e,406,2024,10,29
f,28,2024,10,29
g,144,2024,10,29
h,256,2024,10,29
i,478,2024,10,29
j,76,2024,10,29
k,42,2024,10,29
l,81,2024,10,29
m,87,2024,10,29
n,344,2024,10,29
o,229,2024,10,29
p,54,2024,10,29
q,20,2024,10,29
r,61,2024,10,29
s,240,2024,10,29
t,80,2024,10,29
u,239,2024,10,29
v,56,2024,10,29
w,78,2024,10,29
x,76,2024,10,29
y,77,2024,10,29
z,101,2024,10,29
',33,2024,10,30
",",45,2024,10,30
-,22,2024,10,30
.,31,2024,10,30
/,37,2024,10,30
0,34,2024,10,30
1,798,2024,10,30
2,72,2024,10,30
3,51,2024,10,30
4,30,2024,10,30
5,14,2024,10,30
6,11,2024,10,30
7,7,2024,10,30
8,4,2024,10,30
9,21,2024,10,30
;,28,2024,10,30
<#r,3,2024,10,30
<+',25,2024,10,30
<+-,10,2024,10,30
<+.,1,2024,10,30
<+/,9,2024,10,30
<+0,7,2024,10,30
<+3,19,2024,10,30
<+9,7,2024,10,30
<+;,11,2024,10,30
<+=,6,2024,10,30
<+Backspace,2,2024,10,30
<+Down,3,2024,10,30
<+Left,91,2024,10,30
<+Right,42,2024,10,30
<+Up,35,2024,10,30
<+`,1,2024,10,30
<+a,25,2024,10,30
<+b,4,2024,10,30
<+d,22,2024,10,30
<+e,23,2024,10,30
<+f,6,2024,10,30
<+g,2,2024,10,30
<+h,5,2024,10,30
<+i,18,2024,10,30
<+l,10,2024,10,30
<+m,13,2024,10,30
<+n,9,2024,10,30
<+o,13,2024,10,30
<+p,14,2024,10,30
<+r,10,2024,10,30
<+s,23,2024,10,30
<+t,24,2024,10,30
<+u,1,2024,10,30
<+v,1,2024,10,30
<+w,8,2024,10,30
<+x,2,2024,10,30
<+y,4,2024,10,30
<+z,1,2024,10,30
<^/,25,2024,10,30
<^;,2,2024,10,30
<^<!a,12,2024,10,30
<^a,5,2024,10,30
<^b,1,2024,10,30
<^c,39,2024,10,30
<^s,107,2024,10,30
<^v,87,2024,10,30
<^x,20,2024,10,30
<^z,20,2024,10,30
=,6,2024,10,30
Backspace,1435,2024,10,30
CapsLock,2,2024,10,30
Down,954,2024,10,30
Enter,695,2024,10,30
Escape,1,2024,10,30
F22,8,2024,10,30
F3,1,2024,10,30
LAlt,12,2024,10,30
LButton,9416,2024,10,30
LControl,351,2024,10,30
LShift,564,2024,10,30
LWin,3,2024,10,30
Left,972,2024,10,30
Media_Play_Pause,16,2024,10,30
Numpad4,1,2024,10,30
PrintScreen,1,2024,10,30
RButton,72,2024,10,30
RShift,1,2024,10,30
Right,1009,2024,10,30
Space,116,2024,10,30
Tab,20,2024,10,30
Up,1323,2024,10,30
WheelDown,8766,2024,10,30
WheelUp,6918,2024,10,30
[,12,2024,10,30
\,3,2024,10,30
],8,2024,10,30
`,4,2024,10,30
a,681,2024,10,30
b,153,2024,10,30
c,162,2024,10,30
d,291,2024,10,30
e,601,2024,10,30
f,55,2024,10,30
g,331,2024,10,30
h,429,2024,10,30
i,767,2024,10,30
j,158,2024,10,30
k,67,2024,10,30
l,127,2024,10,30
m,113,2024,10,30
n,663,2024,10,30
o,372,2024,10,30
p,66,2024,10,30
q,70,2024,10,30
r,96,2024,10,30
s,388,2024,10,30
t,134,2024,10,30
u,486,2024,10,30
v,112,2024,10,30
w,96,2024,10,30
x,182,2024,10,30
y,142,2024,10,30
z,177,2024,10,30
',2,2024,10,31
",",18,2024,10,31
-,33,2024,10,31
.,3,2024,10,31
/,10,2024,10,31
0,30,2024,10,31
1,662,2024,10,31
2,110,2024,10,31
3,65,2024,10,31
4,20,2024,10,31
5,9,2024,10,31
6,2,2024,10,31
7,2,2024,10,31
9,8,2024,10,31
;,2,2024,10,31
<+-,2,2024,10,31
<+/,4,2024,10,31
<+0,7,2024,10,31
<+1,3,2024,10,31
<+3,48,2024,10,31
<+9,7,2024,10,31
<+;,2,2024,10,31
<+=,2,2024,10,31
<+Backspace,3,2024,10,31
<+`,1,2024,10,31
<+a,10,2024,10,31
<+c,27,2024,10,31
<+d,16,2024,10,31
<+e,8,2024,10,31
<+g,2,2024,10,31
<+h,1,2024,10,31
<+i,5,2024,10,31
<+l,8,2024,10,31
<+m,14,2024,10,31
<+o,10,2024,10,31
<+p,19,2024,10,31
<+r,16,2024,10,31
<+s,32,2024,10,31
<+t,33,2024,10,31
<+u,5,2024,10,31
<+v,8,2024,10,31
<+x,1,2024,10,31
<+z,3,2024,10,31
<^/,5,2024,10,31
<^<!a,2,2024,10,31
<^Space,2,2024,10,31
<^a,7,2024,10,31
<^c,47,2024,10,31
<^f,1,2024,10,31
<^s,35,2024,10,31
<^v,90,2024,10,31
<^x,2,2024,10,31
<^z,16,2024,10,31
=,2,2024,10,31
Backspace,656,2024,10,31
CapsLock,1,2024,10,31
Down,77,2024,10,31
Enter,392,2024,10,31
F22,5,2024,10,31
LAlt,2,2024,10,31
LButton,7786,2024,10,31
LControl,215,2024,10,31
LShift,363,2024,10,31
Left,151,2024,10,31
Media_Play_Pause,1,2024,10,31
RButton,66,2024,10,31
RShift,2,2024,10,31
Right,167,2024,10,31
Space,122,2024,10,31
Tab,1,2024,10,31
Up,8,2024,10,31
WheelDown,10204,2024,10,31
WheelUp,8039,2024,10,31
[,48,2024,10,31
\,1,2024,10,31
],28,2024,10,31
`,1,2024,10,31
a,611,2024,10,31
b,141,2024,10,31
c,168,2024,10,31
d,201,2024,10,31
e,449,2024,10,31
f,25,2024,10,31
g,280,2024,10,31
h,352,2024,10,31
i,728,2024,10,31
j,122,2024,10,31
k,71,2024,10,31
l,90,2024,10,31
m,80,2024,10,31
n,574,2024,10,31
o,325,2024,10,31
p,42,2024,10,31
q,40,2024,10,31
r,71,2024,10,31
s,223,2024,10,31
sc178,3,2024,10,31
t,103,2024,10,31
u,395,2024,10,31
v,114,2024,10,31
w,100,2024,10,31
x,123,2024,10,31
y,140,2024,10,31
z,150,2024,10,31
',11,2024,11,01
",",16,2024,11,01
-,34,2024,11,01
.,40,2024,11,01
/,60,2024,11,01
0,59,2024,11,01
1,324,2024,11,01
2,86,2024,11,01
3,41,2024,11,01
4,50,2024,11,01
5,51,2024,11,01
6,11,2024,11,01
7,56,2024,11,01
8,50,2024,11,01
9,34,2024,11,01
;,21,2024,11,01
<#CapsLock,1,2024,11,01
<#r,2,2024,11,01
<+-,19,2024,11,01
<+/,4,2024,11,01
<+0,7,2024,11,01
<+1,2,2024,11,01
<+2,10,2024,11,01
<+3,24,2024,11,01
<+4,1,2024,11,01
<+9,3,2024,11,01
<+;,8,2024,11,01
<+=,1,2024,11,01
<+Backspace,1,2024,11,01
<+Down,4,2024,11,01
<+Left,48,2024,11,01
<+Right,1,2024,11,01
<+Tab,3,2024,11,01
<+Up,7,2024,11,01
<+a,2,2024,11,01
<+c,6,2024,11,01
<+d,1,2024,11,01
<+g,1,2024,11,01
<+h,1,2024,11,01
<+i,2,2024,11,01
<+l,10,2024,11,01
<+m,8,2024,11,01
<+n,7,2024,11,01
<+o,1,2024,11,01
<+p,15,2024,11,01
<+r,7,2024,11,01
<+u,3,2024,11,01
<+w,1,2024,11,01
<+x,1,2024,11,01
<+y,1,2024,11,01
<+z,31,2024,11,01
<^/,36,2024,11,01
<^<!a,4,2024,11,01
<^Enter,1,2024,11,01
<^a,6,2024,11,01
<^c,113,2024,11,01
<^f,13,2024,11,01
<^s,154,2024,11,01
<^v,155,2024,11,01
<^x,12,2024,11,01
<^z,43,2024,11,01
=,4,2024,11,01
>+Enter,2,2024,11,01
Backspace,794,2024,11,01
CapsLock,2,2024,11,01
Down,156,2024,11,01
Enter,409,2024,11,01
Escape,26,2024,11,01
F22,1,2024,11,01
F3,2,2024,11,01
Home,1,2024,11,01
LAlt,7,2024,11,01
LButton,12611,2024,11,01
LControl,573,2024,11,01
LShift,291,2024,11,01
LWin,3,2024,11,01
Left,228,2024,11,01
Numlock,1,2024,11,01
Numpad0,1,2024,11,01
Numpad6,1,2024,11,01
Numpad9,3,2024,11,01
NumpadAdd,1,2024,11,01
NumpadDot,2,2024,11,01
NumpadEnter,1,2024,11,01
NumpadMult,1,2024,11,01
NumpadSub,1,2024,11,01
PgDn,1,2024,11,01
PgUp,1,2024,11,01
PrintScreen,1,2024,11,01
RButton,73,2024,11,01
RControl,1,2024,11,01
RShift,7,2024,11,01
Right,179,2024,11,01
Space,84,2024,11,01
Tab,19,2024,11,01
Up,278,2024,11,01
WheelDown,10522,2024,11,01
WheelUp,7847,2024,11,01
[,6,2024,11,01
\,2,2024,11,01
],3,2024,11,01
`,8,2024,11,01
a,260,2024,11,01
b,43,2024,11,01
c,224,2024,11,01
d,109,2024,11,01
e,160,2024,11,01
f,46,2024,11,01
g,105,2024,11,01
h,179,2024,11,01
i,283,2024,11,01
j,43,2024,11,01
k,22,2024,11,01
l,78,2024,11,01
m,53,2024,11,01
n,226,2024,11,01
o,158,2024,11,01
p,42,2024,11,01
q,20,2024,11,01
r,41,2024,11,01
s,278,2024,11,01
sc178,2,2024,11,01
t,51,2024,11,01
u,152,2024,11,01
v,165,2024,11,01
w,46,2024,11,01
x,69,2024,11,01
y,106,2024,11,01
z,127,2024,11,01
',2,2024,11,02
",",43,2024,11,02
-,20,2024,11,02
.,19,2024,11,02
/,9,2024,11,02
0,15,2024,11,02
1,585,2024,11,02
2,49,2024,11,02
3,10,2024,11,02
4,6,2024,11,02
5,4,2024,11,02
6,1,2024,11,02
7,2,2024,11,02
8,2,2024,11,02
9,5,2024,11,02
;,31,2024,11,02
<#e,1,2024,11,02
<#r,1,2024,11,02
<+-,14,2024,11,02
<+/,2,2024,11,02
<+0,2,2024,11,02
<+3,1,2024,11,02
<+9,3,2024,11,02
<+;,24,2024,11,02
<+Backspace,1,2024,11,02
<+Enter,2,2024,11,02
<+Right,25,2024,11,02
<+Tab,3,2024,11,02
<+`,90,2024,11,02
<+a,2,2024,11,02
<+b,1,2024,11,02
<+c,13,2024,11,02
<+d,18,2024,11,02
<+e,10,2024,11,02
<+f,4,2024,11,02
<+g,4,2024,11,02
<+h,3,2024,11,02
<+i,3,2024,11,02
<+l,18,2024,11,02
<+m,14,2024,11,02
<+n,8,2024,11,02
<+o,13,2024,11,02
<+p,17,2024,11,02
<+r,11,2024,11,02
<+s,20,2024,11,02
<+t,19,2024,11,02
<+u,8,2024,11,02
<+v,1,2024,11,02
<+x,5,2024,11,02
<+y,2,2024,11,02
<^/,3,2024,11,02
<^<!a,5,2024,11,02
<^<#v,1,2024,11,02
<^Enter,1,2024,11,02
<^a,1,2024,11,02
<^c,94,2024,11,02
<^d,1,2024,11,02
<^f,9,2024,11,02
<^s,78,2024,11,02
<^v,139,2024,11,02
<^x,6,2024,11,02
<^z,13,2024,11,02
=,3,2024,11,02
Backspace,789,2024,11,02
Down,195,2024,11,02
Enter,310,2024,11,02
F22,2,2024,11,02
LAlt,5,2024,11,02
LButton,11119,2024,11,02
LControl,444,2024,11,02
LShift,443,2024,11,02
LWin,3,2024,11,02
Left,436,2024,11,02
Media_Play_Pause,3,2024,11,02
RButton,84,2024,11,02
RShift,2,2024,11,02
Right,468,2024,11,02
Space,58,2024,11,02
Tab,10,2024,11,02
Up,131,2024,11,02
WheelDown,11168,2024,11,02
WheelUp,8116,2024,11,02
[,2,2024,11,02
\,2,2024,11,02
],1,2024,11,02
`,95,2024,11,02
a,432,2024,11,02
b,96,2024,11,02
c,200,2024,11,02
d,183,2024,11,02
e,378,2024,11,02
f,46,2024,11,02
g,279,2024,11,02
h,262,2024,11,02
i,640,2024,11,02
j,89,2024,11,02
k,32,2024,11,02
l,130,2024,11,02
m,74,2024,11,02
n,482,2024,11,02
o,270,2024,11,02
p,54,2024,11,02
q,59,2024,11,02
r,56,2024,11,02
s,221,2024,11,02
sc178,1,2024,11,02
t,104,2024,11,02
u,330,2024,11,02
v,150,2024,11,02
w,41,2024,11,02
x,125,2024,11,02
y,112,2024,11,02
z,114,2024,11,02
',3,2024,11,03
",",21,2024,11,03
-,8,2024,11,03
.,8,2024,11,03
/,7,2024,11,03
0,35,2024,11,03
1,1066,2024,11,03
2,101,2024,11,03
3,37,2024,11,03
4,26,2024,11,03
5,39,2024,11,03
6,6,2024,11,03
7,20,2024,11,03
8,19,2024,11,03
9,16,2024,11,03
;,4,2024,11,03
<#r,1,2024,11,03
<+-,1,2024,11,03
<+/,6,2024,11,03
<+0,2,2024,11,03
<+1,1,2024,11,03
<+2,3,2024,11,03
<+3,5,2024,11,03
<+9,4,2024,11,03
<+;,3,2024,11,03
<+=,4,2024,11,03
<+\,1,2024,11,03
<+a,1,2024,11,03
<+c,18,2024,11,03
<+d,2,2024,11,03
<+e,3,2024,11,03
<+f,3,2024,11,03
<+g,1,2024,11,03
<+h,2,2024,11,03
<+i,12,2024,11,03
<+k,1,2024,11,03
<+l,10,2024,11,03
<+m,12,2024,11,03
<+n,3,2024,11,03
<+o,6,2024,11,03
<+p,15,2024,11,03
<+r,1,2024,11,03
<+s,5,2024,11,03
<+t,3,2024,11,03
<+u,6,2024,11,03
<+v,1,2024,11,03
<+w,4,2024,11,03
<+x,1,2024,11,03
<+z,6,2024,11,03
<^<!NumpadDel,1,2024,11,03
<^<!a,37,2024,11,03
<^Enter,1,2024,11,03
<^a,7,2024,11,03
<^c,71,2024,11,03
<^f,7,2024,11,03
<^s,43,2024,11,03
<^v,139,2024,11,03
<^x,7,2024,11,03
<^z,7,2024,11,03
=,4,2024,11,03
Backspace,1214,2024,11,03
CapsLock,2,2024,11,03
Down,196,2024,11,03
Enter,488,2024,11,03
Escape,12,2024,11,03
F22,6,2024,11,03
LAlt,38,2024,11,03
LButton,13570,2024,11,03
LControl,466,2024,11,03
LShift,187,2024,11,03
LWin,1,2024,11,03
Left,212,2024,11,03
MButton,1,2024,11,03
Media_Play_Pause,7,2024,11,03
NumpadDel,1,2024,11,03
PrintScreen,1,2024,11,03
RAlt,66,2024,11,03
RButton,70,2024,11,03
RShift,1,2024,11,03
Right,322,2024,11,03
Space,94,2024,11,03
Up,65,2024,11,03
WheelDown,13193,2024,11,03
WheelUp,9058,2024,11,03
[,3,2024,11,03
\,2,2024,11,03
],4,2024,11,03
`,10,2024,11,03
a,841,2024,11,03
b,137,2024,11,03
c,201,2024,11,03
d,258,2024,11,03
e,567,2024,11,03
f,79,2024,11,03
g,367,2024,11,03
h,529,2024,11,03
i,969,2024,11,03
j,164,2024,11,03
k,73,2024,11,03
l,140,2024,11,03
m,111,2024,11,03
n,762,2024,11,03
o,485,2024,11,03
p,56,2024,11,03
q,69,2024,11,03
r,56,2024,11,03
s,289,2024,11,03
t,97,2024,11,03
u,608,2024,11,03
v,147,2024,11,03
w,135,2024,11,03
x,155,2024,11,03
y,251,2024,11,03
z,236,2024,11,03
',3,2024,11,04
",",6,2024,11,04
-,3,2024,11,04
.,3,2024,11,04
/,1,2024,11,04
0,22,2024,11,04
1,616,2024,11,04
2,55,2024,11,04
3,22,2024,11,04
4,10,2024,11,04
5,6,2024,11,04
6,9,2024,11,04
7,2,2024,11,04
8,3,2024,11,04
9,2,2024,11,04
;,1,2024,11,04
<+',3,2024,11,04
<+/,1,2024,11,04
<+0,1,2024,11,04
<+1,1,2024,11,04
<+2,1,2024,11,04
<+5,2,2024,11,04
<+9,2,2024,11,04
<+;,1,2024,11,04
<+=,2,2024,11,04
<+Backspace,1,2024,11,04
<+Enter,4,2024,11,04
<+a,2,2024,11,04
<+b,1,2024,11,04
<+c,6,2024,11,04
<+d,11,2024,11,04
<+e,6,2024,11,04
<+g,5,2024,11,04
<+h,1,2024,11,04
<+i,4,2024,11,04
<+l,5,2024,11,04
<+m,5,2024,11,04
<+n,1,2024,11,04
<+o,4,2024,11,04
<+p,11,2024,11,04
<+s,4,2024,11,04
<+t,4,2024,11,04
<+u,1,2024,11,04
<+x,4,2024,11,04
<+z,1,2024,11,04
<^<!Enter,1,2024,11,04
<^<!a,9,2024,11,04
<^`,1,2024,11,04
<^a,4,2024,11,04
<^c,40,2024,11,04
<^f,1,2024,11,04
<^s,37,2024,11,04
<^v,69,2024,11,04
<^x,14,2024,11,04
<^z,14,2024,11,04
=,4,2024,11,04
Backspace,598,2024,11,04
Down,76,2024,11,04
Enter,328,2024,11,04
Escape,2,2024,11,04
F11,2,2024,11,04
F12,2,2024,11,04
F22,5,2024,11,04
LAlt,10,2024,11,04
LButton,7669,2024,11,04
LControl,219,2024,11,04
LShift,124,2024,11,04
Left,129,2024,11,04
NumpadLeft,1,2024,11,04
RButton,169,2024,11,04
RShift,1,2024,11,04
Right,137,2024,11,04
Space,55,2024,11,04
Tab,8,2024,11,04
Up,45,2024,11,04
WheelDown,4287,2024,11,04
WheelUp,3277,2024,11,04
\,2,2024,11,04
`,1,2024,11,04
a,451,2024,11,04
b,90,2024,11,04
c,99,2024,11,04
d,239,2024,11,04
e,341,2024,11,04
f,42,2024,11,04
g,211,2024,11,04
h,285,2024,11,04
i,602,2024,11,04
j,98,2024,11,04
k,39,2024,11,04
l,73,2024,11,04
m,54,2024,11,04
n,451,2024,11,04
o,246,2024,11,04
p,41,2024,11,04
q,39,2024,11,04
r,60,2024,11,04
s,196,2024,11,04
sc000,1,2024,11,04
t,70,2024,11,04
u,328,2024,11,04
v,78,2024,11,04
w,61,2024,11,04
x,103,2024,11,04
y,117,2024,11,04
z,108,2024,11,04
',7,2024,11,05
",",32,2024,11,05
-,59,2024,11,05
.,106,2024,11,05
/,51,2024,11,05
0,43,2024,11,05
1,283,2024,11,05
2,32,2024,11,05
3,35,2024,11,05
4,3,2024,11,05
5,7,2024,11,05
6,1,2024,11,05
7,11,2024,11,05
8,17,2024,11,05
9,68,2024,11,05
;,60,2024,11,05
<#r,1,2024,11,05
<+',2,2024,11,05
"<+,",12,2024,11,05
<+-,12,2024,11,05
<+.,51,2024,11,05
<+/,2,2024,11,05
<+0,11,2024,11,05
<+1,1,2024,11,05
<+3,4,2024,11,05
<+5,1,2024,11,05
<+7,9,2024,11,05
<+8,14,2024,11,05
<+9,67,2024,11,05
<+;,6,2024,11,05
<+=,13,2024,11,05
<+Backspace,4,2024,11,05
<+Down,6,2024,11,05
<+Enter,15,2024,11,05
<+Left,22,2024,11,05
<+Right,15,2024,11,05
<+Up,26,2024,11,05
<+[,15,2024,11,05
<+\,4,2024,11,05
<+],1,2024,11,05
<+a,4,2024,11,05
<+b,5,2024,11,05
<+c,2,2024,11,05
<+d,3,2024,11,05
<+i,5,2024,11,05
<+l,11,2024,11,05
<+m,1,2024,11,05
<+n,11,2024,11,05
<+p,2,2024,11,05
<+q,2,2024,11,05
<+u,5,2024,11,05
<+v,1,2024,11,05
<+x,23,2024,11,05
<+y,23,2024,11,05
<^/,38,2024,11,05
<^<!a,1,2024,11,05
<^Tab,1,2024,11,05
<^a,1,2024,11,05
<^c,37,2024,11,05
<^f,2,2024,11,05
<^g,1,2024,11,05
<^n,1,2024,11,05
<^s,160,2024,11,05
<^v,52,2024,11,05
<^x,7,2024,11,05
<^z,77,2024,11,05
=,58,2024,11,05
Backspace,1002,2024,11,05
CapsLock,2,2024,11,05
Down,565,2024,11,05
Enter,375,2024,11,05
Escape,5,2024,11,05
F12,6,2024,11,05
F22,3,2024,11,05
LAlt,1,2024,11,05
LButton,7660,2024,11,05
LControl,396,2024,11,05
LShift,458,2024,11,05
LWin,1,2024,11,05
Left,652,2024,11,05
Numlock,2,2024,11,05
NumpadLeft,1,2024,11,05
RButton,18,2024,11,05
RShift,2,2024,11,05
Right,796,2024,11,05
Space,90,2024,11,05
Tab,35,2024,11,05
Up,464,2024,11,05
WheelDown,4509,2024,11,05
WheelUp,3670,2024,11,05
[,29,2024,11,05
\,5,2024,11,05
],2,2024,11,05
a,467,2024,11,05
b,61,2024,11,05
c,100,2024,11,05
d,222,2024,11,05
e,280,2024,11,05
f,57,2024,11,05
g,101,2024,11,05
h,143,2024,11,05
i,320,2024,11,05
j,42,2024,11,05
k,41,2024,11,05
l,87,2024,11,05
m,74,2024,11,05
n,284,2024,11,05
o,220,2024,11,05
p,38,2024,11,05
q,16,2024,11,05
r,81,2024,11,05
s,333,2024,11,05
sc178,1,2024,11,05
t,126,2024,11,05
u,186,2024,11,05
v,80,2024,11,05
w,408,2024,11,05
x,130,2024,11,05
y,89,2024,11,05
z,124,2024,11,05
',53,2024,11,06
",",89,2024,11,06
-,340,2024,11,06
.,245,2024,11,06
/,28,2024,11,06
0,112,2024,11,06
1,597,2024,11,06
2,115,2024,11,06
3,69,2024,11,06
4,44,2024,11,06
5,46,2024,11,06
6,32,2024,11,06
7,41,2024,11,06
8,53,2024,11,06
9,163,2024,11,06
;,193,2024,11,06
<#r,4,2024,11,06
<+',36,2024,11,06
"<+,",67,2024,11,06
<+-,42,2024,11,06
<+.,199,2024,11,06
<+/,2,2024,11,06
<+0,32,2024,11,06
<+1,14,2024,11,06
<+3,16,2024,11,06
<+4,3,2024,11,06
<+5,11,2024,11,06
<+7,7,2024,11,06
<+8,31,2024,11,06
<+9,144,2024,11,06
<+;,13,2024,11,06
<+=,74,2024,11,06
<+Backspace,7,2024,11,06
<+Down,13,2024,11,06
<+Enter,43,2024,11,06
<+Left,83,2024,11,06
<+Right,51,2024,11,06
<+Tab,4,2024,11,06
<+Up,22,2024,11,06
<+[,47,2024,11,06
<+\,2,2024,11,06
<+],5,2024,11,06
<+a,3,2024,11,06
<+b,8,2024,11,06
<+c,9,2024,11,06
<+d,114,2024,11,06
<+e,4,2024,11,06
<+f,2,2024,11,06
<+i,128,2024,11,06
<+j,1,2024,11,06
<+l,31,2024,11,06
<+m,5,2024,11,06
<+n,17,2024,11,06
<+o,5,2024,11,06
<+p,4,2024,11,06
<+q,4,2024,11,06
<+r,12,2024,11,06
<+s,2,2024,11,06
<+t,9,2024,11,06
<+u,16,2024,11,06
<+v,1,2024,11,06
<^/,18,2024,11,06
<^<!a,3,2024,11,06
<^<!s,1,2024,11,06
<^<#F24,1,2024,11,06
<^a,15,2024,11,06
<^c,142,2024,11,06
<^f,14,2024,11,06
<^n,3,2024,11,06
<^s,151,2024,11,06
<^v,116,2024,11,06
<^x,26,2024,11,06
<^z,21,2024,11,06
=,220,2024,11,06
>+Enter,2,2024,11,06
Backspace,1779,2024,11,06
Down,1302,2024,11,06
Enter,1168,2024,11,06
F11,5,2024,11,06
F22,1,2024,11,06
F24,1,2024,11,06
F3,20,2024,11,06
F7,862,2024,11,06
F8,47,2024,11,06
LAlt,4,2024,11,06
LButton,8727,2024,11,06
LControl,565,2024,11,06
LShift,1468,2024,11,06
LWin,5,2024,11,06
Left,1671,2024,11,06
NumpadLeft,1,2024,11,06
RButton,293,2024,11,06
RShift,3,2024,11,06
Right,1932,2024,11,06
Space,441,2024,11,06
Tab,49,2024,11,06
Up,1236,2024,11,06
WheelDown,8096,2024,11,06
WheelUp,6119,2024,11,06
[,118,2024,11,06
\,10,2024,11,06
],15,2024,11,06
a,445,2024,11,06
b,83,2024,11,06
c,241,2024,11,06
d,311,2024,11,06
e,495,2024,11,06
f,236,2024,11,06
g,181,2024,11,06
h,288,2024,11,06
i,802,2024,11,06
j,113,2024,11,06
k,86,2024,11,06
l,206,2024,11,06
m,110,2024,11,06
n,597,2024,11,06
o,394,2024,11,06
p,138,2024,11,06
q,26,2024,11,06
r,204,2024,11,06
s,423,2024,11,06
sc178,2,2024,11,06
t,311,2024,11,06
u,418,2024,11,06
v,126,2024,11,06
w,85,2024,11,06
x,180,2024,11,06
y,131,2024,11,06
z,98,2024,11,06
',13,2024,11,07
",",18,2024,11,07
-,3,2024,11,07
.,34,2024,11,07
/,36,2024,11,07
0,29,2024,11,07
1,707,2024,11,07
2,56,2024,11,07
3,29,2024,11,07
4,9,2024,11,07
5,12,2024,11,07
6,3,2024,11,07
7,4,2024,11,07
8,5,2024,11,07
9,23,2024,11,07
;,6,2024,11,07
<#r,1,2024,11,07
<+',10,2024,11,07
<+.,10,2024,11,07
<+/,8,2024,11,07
<+0,7,2024,11,07
<+3,2,2024,11,07
<+5,3,2024,11,07
<+8,1,2024,11,07
<+9,20,2024,11,07
<+;,1,2024,11,07
<+Backspace,2,2024,11,07
<+Down,1,2024,11,07
<+Right,23,2024,11,07
<+],1,2024,11,07
<+a,6,2024,11,07
<+b,4,2024,11,07
<+d,5,2024,11,07
<+f,10,2024,11,07
<+g,4,2024,11,07
<+i,3,2024,11,07
<+l,1,2024,11,07
<+m,3,2024,11,07
<+o,3,2024,11,07
<+p,9,2024,11,07
<+q,2,2024,11,07
<+r,3,2024,11,07
<+t,4,2024,11,07
<+u,1,2024,11,07
<+v,1,2024,11,07
<+y,1,2024,11,07
<+z,1,2024,11,07
<^/,27,2024,11,07
<^<!NumpadDel,2,2024,11,07
<^<!a,7,2024,11,07
<^a,3,2024,11,07
<^c,65,2024,11,07
<^f,9,2024,11,07
<^j,2,2024,11,07
<^s,128,2024,11,07
<^v,93,2024,11,07
<^x,24,2024,11,07
<^z,49,2024,11,07
=,6,2024,11,07
Backspace,835,2024,11,07
Down,82,2024,11,07
Enter,401,2024,11,07
F11,4,2024,11,07
F12,11,2024,11,07
F22,12,2024,11,07
LAlt,9,2024,11,07
LButton,9965,2024,11,07
LControl,451,2024,11,07
LShift,208,2024,11,07
LWin,1,2024,11,07
Left,175,2024,11,07
Media_Play_Pause,2,2024,11,07
Numlock,1,2024,11,07
NumpadDel,2,2024,11,07
NumpadIns,1,2024,11,07
RButton,30,2024,11,07
RShift,1,2024,11,07
Right,253,2024,11,07
Space,43,2024,11,07
Tab,9,2024,11,07
Up,36,2024,11,07
WheelDown,7121,2024,11,07
WheelUp,4369,2024,11,07
\,1,2024,11,07
],1,2024,11,07
`,3,2024,11,07
a,603,2024,11,07
b,107,2024,11,07
c,147,2024,11,07
d,210,2024,11,07
e,401,2024,11,07
f,49,2024,11,07
g,292,2024,11,07
h,354,2024,11,07
i,640,2024,11,07
j,114,2024,11,07
k,66,2024,11,07
l,111,2024,11,07
m,108,2024,11,07
n,525,2024,11,07
o,383,2024,11,07
p,62,2024,11,07
q,55,2024,11,07
r,52,2024,11,07
s,305,2024,11,07
sc178,4,2024,11,07
t,85,2024,11,07
u,400,2024,11,07
v,113,2024,11,07
w,94,2024,11,07
x,119,2024,11,07
y,138,2024,11,07
z,192,2024,11,07
',25,2024,11,08
",",42,2024,11,08
-,60,2024,11,08
.,62,2024,11,08
/,51,2024,11,08
0,73,2024,11,08
1,539,2024,11,08
2,75,2024,11,08
3,28,2024,11,08
4,20,2024,11,08
5,25,2024,11,08
6,6,2024,11,08
7,20,2024,11,08
8,11,2024,11,08
9,46,2024,11,08
;,46,2024,11,08
<#r,1,2024,11,08
<+',8,2024,11,08
"<+,",14,2024,11,08
<+-,42,2024,11,08
<+.,10,2024,11,08
<+/,5,2024,11,08
<+0,4,2024,11,08
<+2,2,2024,11,08
<+3,4,2024,11,08
<+5,9,2024,11,08
<+7,9,2024,11,08
<+8,1,2024,11,08
<+9,39,2024,11,08
<+;,8,2024,11,08
<+=,25,2024,11,08
<+Backspace,1,2024,11,08
<+Down,11,2024,11,08
<+Enter,7,2024,11,08
<+Left,26,2024,11,08
<+Right,28,2024,11,08
<+Tab,8,2024,11,08
<+Up,12,2024,11,08
<+[,13,2024,11,08
<+],1,2024,11,08
<+a,3,2024,11,08
<+c,1,2024,11,08
<+d,5,2024,11,08
<+i,10,2024,11,08
<+l,8,2024,11,08
<+m,6,2024,11,08
<+p,14,2024,11,08
<+q,2,2024,11,08
<+r,2,2024,11,08
<+t,1,2024,11,08
<+x,2,2024,11,08
<+z,2,2024,11,08
<^',2,2024,11,08
<^.,1,2024,11,08
<^/,34,2024,11,08
<^<!a,16,2024,11,08
<^<#F24,1,2024,11,08
<^a,7,2024,11,08
<^c,76,2024,11,08
<^f,5,2024,11,08
<^n,2,2024,11,08
<^s,107,2024,11,08
<^v,139,2024,11,08
<^x,18,2024,11,08
<^z,31,2024,11,08
=,76,2024,11,08
>+Enter,1,2024,11,08
Backspace,1042,2024,11,08
CapsLock,2,2024,11,08
Down,418,2024,11,08
Enter,442,2024,11,08
F1,1,2024,11,08
F2,1,2024,11,08
F22,10,2024,11,08
F24,1,2024,11,08
F3,5,2024,11,08
LAlt,16,2024,11,08
LButton,8207,2024,11,08
LControl,473,2024,11,08
LShift,387,2024,11,08
LWin,2,2024,11,08
Left,481,2024,11,08
MButton,1,2024,11,08
Media_Play_Pause,8,2024,11,08
Numpad0,1,2024,11,08
RButton,153,2024,11,08
RShift,4,2024,11,08
Right,508,2024,11,08
Space,77,2024,11,08
Tab,27,2024,11,08
Up,420,2024,11,08
WheelDown,10432,2024,11,08
WheelUp,8405,2024,11,08
[,56,2024,11,08
\,8,2024,11,08
],2,2024,11,08
a,514,2024,11,08
b,86,2024,11,08
c,284,2024,11,08
d,192,2024,11,08
e,306,2024,11,08
f,55,2024,11,08
g,182,2024,11,08
h,273,2024,11,08
i,629,2024,11,08
j,66,2024,11,08
k,57,2024,11,08
l,115,2024,11,08
m,105,2024,11,08
n,514,2024,11,08
o,368,2024,11,08
p,103,2024,11,08
q,32,2024,11,08
r,81,2024,11,08
s,314,2024,11,08
sc178,2,2024,11,08
t,162,2024,11,08
u,279,2024,11,08
v,161,2024,11,08
w,71,2024,11,08
x,86,2024,11,08
y,140,2024,11,08
z,128,2024,11,08
',5,2024,11,09
",",37,2024,11,09
-,11,2024,11,09
.,60,2024,11,09
/,8,2024,11,09
0,38,2024,11,09
1,102,2024,11,09
2,42,2024,11,09
3,9,2024,11,09
4,5,2024,11,09
5,7,2024,11,09
6,2,2024,11,09
7,7,2024,11,09
8,18,2024,11,09
9,52,2024,11,09
;,50,2024,11,09
<+',4,2024,11,09
"<+,",14,2024,11,09
<+-,1,2024,11,09
<+.,10,2024,11,09
<+1,3,2024,11,09
<+3,1,2024,11,09
<+5,5,2024,11,09
<+7,4,2024,11,09
<+9,50,2024,11,09
<+=,26,2024,11,09
<+Backspace,4,2024,11,09
<+Enter,14,2024,11,09
<+Up,6,2024,11,09
<+[,20,2024,11,09
<+],1,2024,11,09
<+d,2,2024,11,09
<+f,1,2024,11,09
<+p,2,2024,11,09
<+r,1,2024,11,09
<+t,4,2024,11,09
<+x,2,2024,11,09
<+z,1,2024,11,09
<^.,2,2024,11,09
<^/,4,2024,11,09
<^<!a,2,2024,11,09
<^a,1,2024,11,09
<^c,2,2024,11,09
<^n,1,2024,11,09
<^s,12,2024,11,09
<^v,7,2024,11,09
<^x,1,2024,11,09
<^z,2,2024,11,09
=,55,2024,11,09
Backspace,249,2024,11,09
Down,198,2024,11,09
Enter,126,2024,11,09
F11,1,2024,11,09
F22,2,2024,11,09
F7,42,2024,11,09
LAlt,2,2024,11,09
LButton,1356,2024,11,09
LControl,37,2024,11,09
LShift,184,2024,11,09
Left,136,2024,11,09
Media_Play_Pause,1,2024,11,09
RButton,22,2024,11,09
RControl,1,2024,11,09
RShift,1,2024,11,09
Right,284,2024,11,09
Space,39,2024,11,09
Tab,2,2024,11,09
Up,189,2024,11,09
WheelDown,1194,2024,11,09
WheelUp,1433,2024,11,09
[,44,2024,11,09
\,2,2024,11,09
],1,2024,11,09
`,7,2024,11,09
a,63,2024,11,09
b,7,2024,11,09
c,31,2024,11,09
d,34,2024,11,09
e,90,2024,11,09
f,24,2024,11,09
g,17,2024,11,09
h,32,2024,11,09
i,134,2024,11,09
j,14,2024,11,09
k,5,2024,11,09
l,25,2024,11,09
m,30,2024,11,09
n,85,2024,11,09
o,44,2024,11,09
p,26,2024,11,09
q,25,2024,11,09
r,38,2024,11,09
s,53,2024,11,09
sc000,1,2024,11,09
t,57,2024,11,09
u,50,2024,11,09
v,21,2024,11,09
w,13,2024,11,09
x,34,2024,11,09
y,20,2024,11,09
z,14,2024,11,09
1,3,2024,11,10
<+s,1,2024,11,10
<^v,1,2024,11,10
Down,6,2024,11,10
Enter,5,2024,11,10
LButton,235,2024,11,10
LControl,1,2024,11,10
LShift,2,2024,11,10
LWin,2,2024,11,10
NumpadAdd,1,2024,11,10
RButton,4,2024,11,10
Space,10,2024,11,10
WheelDown,6,2024,11,10
WheelUp,14,2024,11,10
a,5,2024,11,10
c,1,2024,11,10
g,1,2024,11,10
h,3,2024,11,10
i,3,2024,11,10
j,12,2024,11,10
k,1,2024,11,10
m,10,2024,11,10
n,3,2024,11,10
o,12,2024,11,10
p,23,2024,11,10
q,1,2024,11,10
s,2,2024,11,10
u,2,2024,11,10
v,2,2024,11,10
z,1,2024,11,10
',23,2024,11,11
",",56,2024,11,11
-,29,2024,11,11
.,38,2024,11,11
/,21,2024,11,11
0,83,2024,11,11
1,919,2024,11,11
2,100,2024,11,11
3,40,2024,11,11
4,28,2024,11,11
5,35,2024,11,11
6,14,2024,11,11
7,15,2024,11,11
8,14,2024,11,11
9,32,2024,11,11
;,11,2024,11,11
<+',11,2024,11,11
<+-,23,2024,11,11
<+/,8,2024,11,11
<+0,6,2024,11,11
<+5,1,2024,11,11
<+8,1,2024,11,11
<+9,18,2024,11,11
<+;,11,2024,11,11
<+Down,1,2024,11,11
<+Enter,1,2024,11,11
<+Left,10,2024,11,11
<+[,1,2024,11,11
<+`,1,2024,11,11
<+a,10,2024,11,11
<+b,2,2024,11,11
<+c,2,2024,11,11
<+d,7,2024,11,11
<+e,2,2024,11,11
<+f,1,2024,11,11
<+i,3,2024,11,11
<+l,2,2024,11,11
<+m,6,2024,11,11
<+o,2,2024,11,11
<+p,8,2024,11,11
<+q,4,2024,11,11
<+r,4,2024,11,11
<+s,1,2024,11,11
<+x,6,2024,11,11
<^-,1,2024,11,11
<^/,13,2024,11,11
<^<!a,5,2024,11,11
<^<#F24,1,2024,11,11
<^a,2,2024,11,11
<^c,66,2024,11,11
<^f,2,2024,11,11
<^s,43,2024,11,11
<^v,149,2024,11,11
<^x,4,2024,11,11
<^z,20,2024,11,11
=,14,2024,11,11
Backspace,994,2024,11,11
Down,113,2024,11,11
Enter,387,2024,11,11
F22,24,2024,11,11
F24,1,2024,11,11
LAlt,5,2024,11,11
LButton,10313,2024,11,11
LControl,315,2024,11,11
LShift,170,2024,11,11
LWin,1,2024,11,11
Left,281,2024,11,11
Media_Play_Pause,6,2024,11,11
Numlock,1,2024,11,11
Numpad0,1,2024,11,11
RButton,74,2024,11,11
RShift,2,2024,11,11
Right,311,2024,11,11
Space,37,2024,11,11
Tab,9,2024,11,11
Up,92,2024,11,11
WheelDown,3792,2024,11,11
WheelUp,4056,2024,11,11
[,13,2024,11,11
\,2,2024,11,11
],1,2024,11,11
`,7,2024,11,11
a,691,2024,11,11
b,125,2024,11,11
c,151,2024,11,11
d,278,2024,11,11
e,546,2024,11,11
f,57,2024,11,11
g,369,2024,11,11
h,430,2024,11,11
i,841,2024,11,11
j,124,2024,11,11
k,64,2024,11,11
l,124,2024,11,11
m,118,2024,11,11
n,698,2024,11,11
o,445,2024,11,11
p,62,2024,11,11
q,56,2024,11,11
r,67,2024,11,11
s,272,2024,11,11
sc178,2,2024,11,11
t,105,2024,11,11
u,409,2024,11,11
v,158,2024,11,11
w,158,2024,11,11
x,149,2024,11,11
y,171,2024,11,11
z,194,2024,11,11
