keyCount,mouseCount,distance,year,month,day,hour,minute
0,0,1,2024,11,05,00,05
0,25,13703,2024,11,05,00,07
0,8,10619,2024,11,05,00,08
0,23,19297,2024,11,05,12,08
0,63,63030,2024,11,05,12,09
19,74,60824,2024,11,05,12,10
0,59,66107,2024,11,05,12,11
0,34,43418,2024,11,05,12,12
0,20,14131,2024,11,05,12,13
0,43,37408,2024,11,05,12,14
0,38,47273,2024,11,05,12,15
0,17,22131,2024,11,05,12,16
8,34,33427,2024,11,05,12,17
0,37,20299,2024,11,05,12,18
0,17,6332,2024,11,05,12,19
0,38,17611,2024,11,05,12,20
0,42,22992,2024,11,05,12,22
0,55,48386,2024,11,05,12,23
0,12,14146,2024,11,05,12,24
0,1,1345,2024,11,05,12,25
0,43,44764,2024,11,05,12,26
0,11,15109,2024,11,05,12,27
0,39,32386,2024,11,05,12,28
0,68,55292,2024,11,05,12,29
0,70,49050,2024,11,05,12,30
0,64,60318,2024,11,05,12,31
0,15,17730,2024,11,05,12,32
0,50,38316,2024,11,05,12,33
0,50,40228,2024,11,05,12,34
0,33,31345,2024,11,05,12,35
0,24,31920,2024,11,05,12,36
0,18,22303,2024,11,05,12,37
0,48,40693,2024,11,05,12,38
0,17,17151,2024,11,05,12,39
0,30,18673,2024,11,05,12,40
0,46,34053,2024,11,05,12,41
14,126,38834,2024,11,05,12,42
48,88,23186,2024,11,05,12,43
0,12,7083,2024,11,05,12,44
0,39,13919,2024,11,05,12,45
0,81,29988,2024,11,05,12,46
0,59,34863,2024,11,05,12,47
0,47,36911,2024,11,05,12,48
0,43,22389,2024,11,05,12,49
0,20,12465,2024,11,05,12,50
0,5,4987,2024,11,05,12,51
0,28,18433,2024,11,05,12,52
0,52,20740,2024,11,05,12,53
0,33,23198,2024,11,05,12,54
0,12,12038,2024,11,05,12,55
0,18,12087,2024,11,05,12,56
0,42,20119,2024,11,05,12,57
0,56,25063,2024,11,05,12,58
0,26,31594,2024,11,05,12,59
0,20,4870,2024,11,05,13,00
0,72,24427,2024,11,05,13,01
0,43,20986,2024,11,05,13,02
0,44,36659,2024,11,05,13,03
0,27,42835,2024,11,05,13,04
0,33,32050,2024,11,05,13,05
0,6,4816,2024,11,05,13,31
36,7,5946,2024,11,05,15,46
106,14,23775,2024,11,05,15,47
18,9,19454,2024,11,05,15,48
29,34,15073,2024,11,05,15,49
22,6,2028,2024,11,05,15,50
25,1,5080,2024,11,05,15,51
0,61,18835,2024,11,05,15,52
2,62,5232,2024,11,05,15,53
10,10,12364,2024,11,05,15,55
71,291,20015,2024,11,05,15,56
0,132,17335,2024,11,05,15,57
4,72,30614,2024,11,05,15,58
57,69,8535,2024,11,05,15,59
7,7,8146,2024,11,05,16,00
37,37,14937,2024,11,05,16,01
92,11,14763,2024,11,05,16,02
55,25,16817,2024,11,05,16,03
53,18,21506,2024,11,05,16,04
10,13,16487,2024,11,05,16,05
0,84,12617,2024,11,05,16,06
0,6,9045,2024,11,05,16,07
0,1,839,2024,11,05,16,08
37,35,15081,2024,11,05,16,09
0,6,2978,2024,11,05,16,10
102,23,19000,2024,11,05,16,11
0,52,24062,2024,11,05,16,12
0,102,10920,2024,11,05,16,13
0,3,6226,2024,11,05,16,14
10,50,10223,2024,11,05,16,15
109,17,17901,2024,11,05,16,16
21,40,10191,2024,11,05,16,17
0,20,6080,2024,11,05,16,18
69,17,11196,2024,11,05,16,19
13,49,16467,2024,11,05,16,20
51,22,20336,2024,11,05,16,21
96,20,19428,2024,11,05,16,22
23,16,9322,2024,11,05,16,23
57,16,13089,2024,11,05,16,24
0,7,6830,2024,11,05,16,25
62,22,23871,2024,11,05,16,26
113,1,1771,2024,11,05,16,27
58,4,6112,2024,11,05,16,28
47,14,19464,2024,11,05,16,29
57,22,18708,2024,11,05,16,30
12,41,14866,2024,11,05,16,31
0,15,4592,2024,11,05,16,32
76,41,4933,2024,11,05,16,33
152,6,15462,2024,11,05,16,34
24,48,18495,2024,11,05,16,35
101,18,18305,2024,11,05,16,36
17,41,10669,2024,11,05,16,37
35,30,10552,2024,11,05,16,38
0,29,16350,2024,11,05,16,39
41,39,22726,2024,11,05,16,40
141,15,4705,2024,11,05,16,41
52,90,11778,2024,11,05,16,42
142,63,9877,2024,11,05,16,43
3,63,15404,2024,11,05,16,44
75,30,27131,2024,11,05,16,45
45,9,11586,2024,11,05,16,46
6,39,19291,2024,11,05,16,47
12,42,21074,2024,11,05,16,48
124,28,11201,2024,11,05,16,49
36,19,2789,2024,11,05,16,50
0,43,2556,2024,11,05,16,51
67,41,16743,2024,11,05,16,52
73,35,9719,2024,11,05,16,53
143,6,9581,2024,11,05,16,54
63,18,7163,2024,11,05,16,55
79,40,9667,2024,11,05,16,56
39,22,13961,2024,11,05,16,57
75,29,17331,2024,11,05,16,58
44,45,8840,2024,11,05,16,59
40,5,9281,2024,11,05,17,00
97,32,15637,2024,11,05,17,01
28,17,17728,2024,11,05,17,02
10,10,13765,2024,11,05,17,03
0,7,9863,2024,11,05,17,04
35,2,5455,2024,11,05,17,05
31,137,39422,2024,11,05,17,06
0,27,14081,2024,11,05,17,07
42,27,14491,2024,11,05,17,08
43,87,13161,2024,11,05,17,09
0,77,11821,2024,11,05,17,10
93,26,9592,2024,11,05,17,11
42,99,17897,2024,11,05,17,12
24,73,14575,2024,11,05,17,13
0,0,3238,2024,11,05,17,15
0,50,22556,2024,11,05,17,16
0,38,7250,2024,11,05,17,17
0,2,486,2024,11,05,17,21
0,8,8269,2024,11,05,17,25
50,70,18337,2024,11,05,18,20
0,68,17221,2024,11,05,18,21
0,76,4140,2024,11,05,18,22
0,97,3965,2024,11,05,18,23
0,9,4248,2024,11,05,18,24
127,45,13542,2024,11,05,18,25
0,21,497,2024,11,05,18,26
0,7,3918,2024,11,05,18,27
0,9,1164,2024,11,05,18,28
0,40,11743,2024,11,05,18,29
0,24,10696,2024,11,05,18,30
33,105,16617,2024,11,05,18,31
20,27,5906,2024,11,05,18,32
71,52,11742,2024,11,05,18,33
53,58,26765,2024,11,05,18,34
1,131,4527,2024,11,05,18,35
0,54,20673,2024,11,05,18,36
55,17,14045,2024,11,05,18,37
16,82,10902,2024,11,05,18,38
39,109,19433,2024,11,05,18,39
27,34,17891,2024,11,05,18,40
33,95,29555,2024,11,05,18,41
9,53,12274,2024,11,05,18,42
21,88,29787,2024,11,05,18,43
9,86,13468,2024,11,05,18,44
59,65,36286,2024,11,05,18,45
50,52,10469,2024,11,05,18,46
22,68,9587,2024,11,05,18,47
11,72,5347,2024,11,05,18,48
41,85,17787,2024,11,05,18,49
13,47,17791,2024,11,05,18,50
37,33,15332,2024,11,05,18,51
2,12,2692,2024,11,05,18,52
4,72,9154,2024,11,05,18,53
14,148,13706,2024,11,05,18,54
64,79,15219,2024,11,05,18,55
35,48,22434,2024,11,05,18,56
23,62,17669,2024,11,05,18,57
58,13,7670,2024,11,05,18,58
58,45,11940,2024,11,05,18,59
22,101,26573,2024,11,05,19,00
90,32,20638,2024,11,05,19,01
46,18,23477,2024,11,05,19,02
55,24,10725,2024,11,05,19,03
70,26,7387,2024,11,05,19,04
53,22,5341,2024,11,05,19,05
24,39,10503,2024,11,05,19,06
23,40,7040,2024,11,05,19,07
9,27,23226,2024,11,05,19,08
0,28,12337,2024,11,05,19,09
0,18,6151,2024,11,05,19,10
14,74,7387,2024,11,05,19,11
5,46,23666,2024,11,05,19,12
0,11,11099,2024,11,05,19,13
0,161,6914,2024,11,05,19,14
50,56,13124,2024,11,05,19,15
0,37,13905,2024,11,05,19,16
8,142,29583,2024,11,05,19,17
28,129,33431,2024,11,05,19,18
50,46,23055,2024,11,05,19,19
0,5,16796,2024,11,05,19,20
0,39,16637,2024,11,05,19,22
14,48,17587,2024,11,05,19,23
6,41,20756,2024,11,05,19,24
57,164,11843,2024,11,05,19,25
109,18,18610,2024,11,05,19,26
63,41,26416,2024,11,05,19,27
8,32,11364,2024,11,05,19,28
0,105,5974,2024,11,05,19,29
15,38,19338,2024,11,05,19,30
21,29,12328,2024,11,05,19,31
66,32,14066,2024,11,05,19,32
12,77,28754,2024,11,05,19,33
0,110,24264,2024,11,05,19,34
0,48,12771,2024,11,05,19,35
0,63,8523,2024,11,05,19,36
32,113,11561,2024,11,05,19,37
0,100,21903,2024,11,05,19,38
25,151,15217,2024,11,05,19,39
150,11,6343,2024,11,05,19,40
0,267,17390,2024,11,05,19,41
13,62,22235,2024,11,05,19,42
131,72,23313,2024,11,05,19,43
3,158,18628,2024,11,05,19,45
80,25,20521,2024,11,05,19,46
12,28,25069,2024,11,05,19,47
8,29,11952,2024,11,05,19,48
21,47,16284,2024,11,05,19,49
14,33,9420,2024,11,05,19,50
52,37,14183,2024,11,05,19,51
11,69,17305,2024,11,05,19,52
0,136,5369,2024,11,05,19,53
36,8,4358,2024,11,05,19,58
4,11,7037,2024,11,05,20,05
0,11,14381,2024,11,05,20,59
0,24,42537,2024,11,05,21,00
0,15,9654,2024,11,05,21,01
0,47,25994,2024,11,05,21,02
0,43,22276,2024,11,05,21,03
0,48,27234,2024,11,05,21,04
0,4,3422,2024,11,05,21,05
0,35,20071,2024,11,05,21,06
69,21,16709,2024,11,05,21,07
0,31,10656,2024,11,05,21,08
0,12,13078,2024,11,05,21,09
0,22,9262,2024,11,05,21,10
0,32,9952,2024,11,05,21,11
0,5,1060,2024,11,05,21,12
0,21,6301,2024,11,05,21,13
0,17,6304,2024,11,05,21,14
0,18,6107,2024,11,05,21,15
0,19,7740,2024,11,05,21,16
0,3,778,2024,11,05,21,17
0,18,6045,2024,11,05,21,19
0,12,3462,2024,11,05,21,20
0,5,2866,2024,11,05,21,21
0,0,370,2024,11,05,21,22
0,6,2393,2024,11,05,21,23
5,44,23219,2024,11,05,21,24
0,18,9908,2024,11,05,21,25
0,27,10159,2024,11,05,21,26
0,22,8567,2024,11,05,21,27
0,38,14534,2024,11,05,21,28
0,51,27975,2024,11,05,21,29
0,6,3551,2024,11,05,21,30
0,60,17849,2024,11,05,21,31
0,48,18546,2024,11,05,21,32
0,54,29672,2024,11,05,21,33
0,18,10242,2024,11,05,21,34
0,23,10834,2024,11,05,21,35
0,52,16810,2024,11,05,21,36
0,55,19155,2024,11,05,21,37
0,59,24085,2024,11,05,21,38
2,29,18258,2024,11,05,21,39
0,9,10792,2024,11,05,21,40
0,35,14717,2024,11,05,21,41
0,46,18271,2024,11,05,21,42
0,26,15097,2024,11,05,21,43
0,17,12641,2024,11,05,21,44
0,40,21517,2024,11,05,21,45
0,3,5939,2024,11,05,21,46
0,27,49402,2024,11,05,21,47
0,17,31530,2024,11,05,21,48
34,53,24131,2024,11,05,21,49
0,31,21878,2024,11,05,21,50
22,46,26901,2024,11,05,21,51
40,26,14029,2024,11,05,21,52
19,30,11592,2024,11,05,21,53
29,45,22456,2024,11,05,21,54
12,40,16740,2024,11,05,21,55
0,27,12317,2024,11,05,21,56
0,25,8182,2024,11,05,21,57
0,34,9615,2024,11,05,21,58
0,56,26716,2024,11,05,21,59
0,29,17229,2024,11,05,22,00
0,8,4946,2024,11,05,22,01
0,58,16671,2024,11,05,22,02
0,17,6359,2024,11,05,22,03
0,43,28307,2024,11,05,22,04
0,37,28543,2024,11,05,22,05
0,15,11039,2024,11,05,22,06
0,2,4373,2024,11,05,22,07
0,23,7076,2024,11,05,22,08
0,43,20820,2024,11,05,22,09
0,44,15243,2024,11,05,22,10
0,36,16676,2024,11,05,22,11
0,62,21775,2024,11,05,22,12
0,35,19201,2024,11,05,22,13
0,22,14379,2024,11,05,22,14
0,21,15024,2024,11,05,22,15
0,18,9511,2024,11,05,22,16
0,11,4031,2024,11,05,22,17
0,50,27818,2024,11,05,22,18
0,46,19774,2024,11,05,22,19
0,43,23348,2024,11,05,22,20
0,38,22065,2024,11,05,22,21
0,36,25272,2024,11,05,22,22
0,26,12418,2024,11,05,22,23
0,30,10797,2024,11,05,22,24
0,56,25524,2024,11,05,22,25
0,5,3502,2024,11,05,22,26
0,19,17968,2024,11,05,22,27
0,23,24178,2024,11,05,22,28
0,12,8505,2024,11,05,22,29
0,28,11762,2024,11,05,22,30
0,50,18966,2024,11,05,22,31
0,54,37014,2024,11,05,22,32
0,25,32597,2024,11,05,22,33
0,32,19084,2024,11,05,22,34
0,22,13909,2024,11,05,22,35
0,48,17209,2024,11,05,22,36
0,42,17446,2024,11,05,22,37
0,0,22,2024,11,05,22,43
5,5,3530,2024,11,05,22,51
40,45,18584,2024,11,05,22,52
27,58,10578,2024,11,05,22,53
12,14,38601,2024,11,05,22,54
53,0,64094,2024,11,05,22,55
34,7,60389,2024,11,05,22,56
41,23,66241,2024,11,05,22,57
150,41,29357,2024,11,05,22,58
23,22,35813,2024,11,05,22,59
128,5,52402,2024,11,05,23,00
126,0,82105,2024,11,05,23,01
71,0,85111,2024,11,05,23,02
74,2,84817,2024,11,05,23,03
37,34,43169,2024,11,05,23,04
87,23,23648,2024,11,05,23,05
5,256,38889,2024,11,05,23,06
107,100,11332,2024,11,05,23,07
58,37,25283,2024,11,05,23,08
38,8,9912,2024,11,05,23,09
17,7,2712,2024,11,05,23,10
44,30,6462,2024,11,05,23,11
37,0,0,2024,11,05,23,12
35,0,0,2024,11,05,23,13
75,0,525,2024,11,05,23,14
91,1,1181,2024,11,05,23,15
124,0,0,2024,11,05,23,16
103,8,3495,2024,11,05,23,17
0,284,14925,2024,11,05,23,18
0,186,10124,2024,11,05,23,19
12,2,3550,2024,11,05,23,20
33,2,3287,2024,11,05,23,21
30,7,2989,2024,11,05,23,22
64,42,14214,2024,11,05,23,23
114,2,1193,2024,11,05,23,24
142,4,1720,2024,11,05,23,25
99,2,1313,2024,11,05,23,26
131,27,14492,2024,11,05,23,27
106,15,2130,2024,11,05,23,28
41,24,6324,2024,11,05,23,29
91,19,2341,2024,11,05,23,30
115,12,6990,2024,11,05,23,31
193,1,1213,2024,11,05,23,32
70,15,1283,2024,11,05,23,33
129,43,6819,2024,11,05,23,34
40,6,7117,2024,11,05,23,35
3,33,3949,2024,11,05,23,37
0,99,2642,2024,11,05,23,38
78,4,2233,2024,11,05,23,39
129,2,382,2024,11,05,23,40
75,3,452,2024,11,05,23,41
45,15,2731,2024,11,05,23,45
157,4,1213,2024,11,05,23,46
54,26,778,2024,11,05,23,47
8,0,0,2024,11,05,23,48
17,9,4046,2024,11,05,23,49
23,0,0,2024,11,05,23,50
149,14,10581,2024,11,05,23,51
59,55,10962,2024,11,05,23,52
131,32,4007,2024,11,05,23,53
61,0,0,2024,11,05,23,54
63,3,4128,2024,11,05,23,55
130,4,1537,2024,11,05,23,56
141,0,0,2024,11,05,23,57
133,0,0,2024,11,05,23,58
145,1,758,2024,11,05,23,59
83,0,0,2024,11,06,00,00
85,0,0,2024,11,06,00,01
106,1,1336,2024,11,06,00,02
106,3,679,2024,11,06,00,03
46,0,0,2024,11,06,00,04
65,43,7401,2024,11,06,00,05
138,3,1149,2024,11,06,00,06
125,38,5712,2024,11,06,00,07
128,44,2068,2024,11,06,00,08
207,41,134,2024,11,06,00,09
47,14,175,2024,11,06,00,10
0,1,2308,2024,11,06,00,11
210,41,2099,2024,11,06,00,12
87,0,151,2024,11,06,00,13
109,53,3951,2024,11,06,00,14
133,12,15461,2024,11,06,00,15
19,38,10398,2024,11,06,00,16
0,6,3591,2024,11,06,00,24
0,2,0,2024,11,06,11,57
0,21,15483,2024,11,06,11,58
0,42,38699,2024,11,06,11,59
0,45,55033,2024,11,06,12,00
0,61,61182,2024,11,06,12,01
0,48,41477,2024,11,06,12,02
0,6,4167,2024,11,06,12,03
0,49,26735,2024,11,06,12,04
0,32,3853,2024,11,06,12,05
0,17,3283,2024,11,06,12,08
54,80,242,2024,11,06,12,10
25,121,8880,2024,11,06,12,11
49,0,0,2024,11,06,12,12
3,0,1100,2024,11,06,12,13
164,0,40,2024,11,06,12,14
107,0,1838,2024,11,06,12,15
119,64,7379,2024,11,06,12,16
1,38,24412,2024,11,06,12,17
0,1,620,2024,11,06,12,18
29,2,2804,2024,11,06,12,20
48,20,5838,2024,11,06,12,22
120,44,6511,2024,11,06,12,23
176,0,1110,2024,11,06,12,24
6,2,3719,2024,11,06,12,25
10,1,951,2024,11,06,12,26
47,53,3017,2024,11,06,12,27
238,0,0,2024,11,06,12,28
41,6,1546,2024,11,06,12,29
23,0,0,2024,11,06,12,30
176,0,0,2024,11,06,12,31
50,0,0,2024,11,06,12,32
233,0,0,2024,11,06,12,33
13,35,4256,2024,11,06,12,34
23,0,0,2024,11,06,12,35
223,1,421,2024,11,06,12,36
137,0,0,2024,11,06,12,37
145,3,880,2024,11,06,12,38
34,2,330,2024,11,06,12,39
282,0,0,2024,11,06,12,40
191,0,0,2024,11,06,12,41
168,6,4323,2024,11,06,12,42
160,0,1,2024,11,06,12,43
118,6,4914,2024,11,06,12,44
207,0,0,2024,11,06,12,45
165,2,1909,2024,11,06,12,46
24,0,0,2024,11,06,12,47
12,0,0,2024,11,06,12,49
1,0,75,2024,11,06,12,50
83,0,0,2024,11,06,12,51
170,0,0,2024,11,06,12,52
219,3,2562,2024,11,06,12,53
118,16,3178,2024,11,06,12,54
82,52,3795,2024,11,06,12,55
88,7,782,2024,11,06,12,56
132,19,4762,2024,11,06,12,57
95,1,235,2024,11,06,12,58
170,0,0,2024,11,06,12,59
184,0,0,2024,11,06,13,00
197,0,0,2024,11,06,13,01
113,0,0,2024,11,06,13,02
6,61,12730,2024,11,06,13,03
16,80,2742,2024,11,06,13,40
43,41,16611,2024,11,06,13,41
116,109,2025,2024,11,06,13,42
216,9,9893,2024,11,06,13,43
187,44,66,2024,11,06,13,44
195,0,0,2024,11,06,13,45
208,18,5251,2024,11,06,13,46
173,2,100,2024,11,06,13,47
172,2,767,2024,11,06,13,48
5,0,1,2024,11,06,13,49
247,2,1163,2024,11,06,13,50
30,0,0,2024,11,06,13,51
24,79,10402,2024,11,06,13,52
0,25,5083,2024,11,06,13,53
48,51,6357,2024,11,06,13,54
56,6,1151,2024,11,06,13,55
0,45,312,2024,11,06,13,56
46,31,16872,2024,11,06,13,57
34,15,14088,2024,11,06,13,58
36,53,16641,2024,11,06,13,59
6,10,5631,2024,11,06,14,00
52,12,9087,2024,11,06,14,01
10,2,2041,2024,11,06,14,02
41,8,1452,2024,11,06,14,12
90,12,14921,2024,11,06,14,13
28,113,8944,2024,11,06,14,14
71,119,12323,2024,11,06,14,15
109,37,7627,2024,11,06,14,16
40,21,6776,2024,11,06,14,17
64,171,9660,2024,11,06,14,18
18,96,16258,2024,11,06,14,19
40,43,14889,2024,11,06,14,20
41,63,21101,2024,11,06,14,21
105,67,13865,2024,11,06,14,22
70,93,22174,2024,11,06,14,23
21,12,6680,2024,11,06,14,24
2,3,5793,2024,11,06,14,25
2,22,6289,2024,11,06,14,26
0,2,919,2024,11,06,14,28
0,64,12278,2024,11,06,14,32
0,211,6207,2024,11,06,14,33
0,56,14952,2024,11,06,14,34
27,53,5194,2024,11,06,14,35
16,126,15326,2024,11,06,14,36
38,21,25330,2024,11,06,14,37
0,160,10766,2024,11,06,14,38
151,10,1851,2024,11,06,14,39
32,22,13084,2024,11,06,14,40
10,51,26501,2024,11,06,14,42
10,96,13690,2024,11,06,14,43
10,60,14459,2024,11,06,14,44
30,32,7213,2024,11,06,14,45
0,0,1,2024,11,06,14,46
13,3,6482,2024,11,06,14,47
2,59,14465,2024,11,06,14,48
0,11,1603,2024,11,06,14,49
51,13,6197,2024,11,06,14,50
12,172,35708,2024,11,06,14,51
55,26,5208,2024,11,06,14,52
23,11,5742,2024,11,06,14,54
5,31,22122,2024,11,06,14,55
26,71,12349,2024,11,06,14,56
79,122,9561,2024,11,06,14,57
0,37,637,2024,11,06,14,58
0,20,758,2024,11,06,14,59
3,140,15779,2024,11,06,15,00
0,99,4100,2024,11,06,15,01
10,71,11179,2024,11,06,15,02
19,8,1670,2024,11,06,15,03
5,1,1221,2024,11,06,15,04
85,3,7322,2024,11,06,15,05
66,19,20087,2024,11,06,15,06
32,52,21354,2024,11,06,15,07
70,13,9548,2024,11,06,15,08
20,18,12631,2024,11,06,15,09
14,9,5199,2024,11,06,15,10
55,19,5196,2024,11,06,15,11
55,7,9838,2024,11,06,15,12
37,34,23000,2024,11,06,15,13
69,11,2317,2024,11,06,15,14
41,38,18752,2024,11,06,15,15
49,7,6940,2024,11,06,15,16
0,15,22,2024,11,06,15,17
0,11,167,2024,11,06,15,18
29,23,6861,2024,11,06,15,19
17,9,5331,2024,11,06,15,20
21,36,18023,2024,11,06,15,21
12,8,6630,2024,11,06,15,22
0,2,244,2024,11,06,15,23
29,25,1346,2024,11,06,15,25
93,0,1,2024,11,06,15,26
49,5,3614,2024,11,06,15,27
51,55,24843,2024,11,06,15,28
7,35,8496,2024,11,06,15,29
39,36,10461,2024,11,06,15,30
20,6,2466,2024,11,06,15,31
1,0,9,2024,11,06,15,32
11,17,20350,2024,11,06,15,33
25,131,29157,2024,11,06,15,34
17,39,31194,2024,11,06,15,35
149,26,7119,2024,11,06,15,36
66,4,3706,2024,11,06,15,37
0,43,16250,2024,11,06,15,38
5,45,10120,2024,11,06,15,39
5,40,16312,2024,11,06,15,40
109,34,17548,2024,11,06,15,41
89,47,18756,2024,11,06,15,42
0,17,23808,2024,11,06,15,43
131,11,7015,2024,11,06,15,44
91,12,15047,2024,11,06,15,45
120,24,10017,2024,11,06,15,46
51,39,19326,2024,11,06,15,47
105,45,17991,2024,11,06,15,48
73,91,13008,2024,11,06,15,49
0,51,25446,2024,11,06,15,50
25,83,3776,2024,11,06,15,51
108,18,16742,2024,11,06,15,52
83,60,3771,2024,11,06,15,53
103,20,3488,2024,11,06,15,54
132,25,7768,2024,11,06,15,55
92,6,2566,2024,11,06,15,56
149,1,229,2024,11,06,15,57
116,0,971,2024,11,06,15,58
70,13,6821,2024,11,06,15,59
199,2,1141,2024,11,06,16,00
126,14,13268,2024,11,06,16,01
28,86,12432,2024,11,06,16,02
36,65,8589,2024,11,06,16,03
29,70,12468,2024,11,06,16,04
14,62,14999,2024,11,06,16,05
17,84,38752,2024,11,06,16,06
117,33,16486,2024,11,06,16,07
41,91,18405,2024,11,06,16,08
44,33,34027,2024,11,06,16,09
49,59,29854,2024,11,06,16,10
68,104,12064,2024,11,06,16,11
42,97,22441,2024,11,06,16,12
19,29,25918,2024,11,06,16,13
70,25,29520,2024,11,06,16,14
34,27,12497,2024,11,06,16,15
182,7,10419,2024,11,06,16,16
100,21,18103,2024,11,06,16,17
0,13,11219,2024,11,06,16,18
19,2,2425,2024,11,06,16,19
2,104,11549,2024,11,06,16,20
0,74,1557,2024,11,06,16,21
20,91,17778,2024,11,06,16,22
62,53,11612,2024,11,06,16,23
107,36,7508,2024,11,06,16,24
18,81,20317,2024,11,06,16,25
82,18,11386,2024,11,06,16,26
10,68,25582,2024,11,06,16,27
43,47,22991,2024,11,06,16,28
15,26,8517,2024,11,06,16,29
0,75,2046,2024,11,06,16,30
46,62,10502,2024,11,06,16,31
157,6,103,2024,11,06,16,32
46,4,1730,2024,11,06,16,33
127,70,1031,2024,11,06,16,34
52,8,12454,2024,11,06,16,35
36,6,2943,2024,11,06,16,36
94,0,0,2024,11,06,16,37
21,43,32295,2024,11,06,16,38
0,71,5210,2024,11,06,16,39
80,9,4120,2024,11,06,16,40
82,0,1,2024,11,06,16,41
0,6,5825,2024,11,06,16,42
12,38,1580,2024,11,06,16,43
45,39,1922,2024,11,06,16,44
5,47,1894,2024,11,06,16,45
69,103,7986,2024,11,06,16,46
110,52,2327,2024,11,06,16,47
158,0,0,2024,11,06,16,48
47,68,30867,2024,11,06,16,49
55,33,19225,2024,11,06,16,50
13,21,17356,2024,11,06,16,51
26,45,31232,2024,11,06,16,52
46,20,13100,2024,11,06,16,53
14,38,24860,2024,11,06,16,54
123,2,3501,2024,11,06,16,55
133,0,0,2024,11,06,16,56
54,14,13381,2024,11,06,16,57
33,5,3931,2024,11,06,16,58
136,16,7641,2024,11,06,16,59
14,21,14355,2024,11,06,17,00
42,54,6873,2024,11,06,17,01
22,22,13624,2024,11,06,17,02
40,12,15881,2024,11,06,17,03
45,12,8569,2024,11,06,17,04
57,27,20253,2024,11,06,17,05
103,109,20108,2024,11,06,17,06
169,14,2417,2024,11,06,17,07
4,105,13080,2024,11,06,17,08
4,141,31307,2024,11,06,17,09
59,63,8046,2024,11,06,17,10
152,14,5825,2024,11,06,17,11
94,73,10711,2024,11,06,17,12
68,68,27450,2024,11,06,17,13
15,25,32528,2024,11,06,17,14
4,39,8220,2024,11,06,17,15
22,20,5719,2024,11,06,17,16
11,38,29445,2024,11,06,17,17
11,11,14259,2024,11,06,17,18
5,13,12491,2024,11,06,17,19
19,30,28296,2024,11,06,17,20
0,36,1498,2024,11,06,17,21
0,2,191,2024,11,06,17,22
0,10,16318,2024,11,06,17,23
0,4,0,2024,11,06,17,49
13,79,35157,2024,11,06,17,50
24,52,39441,2024,11,06,17,51
53,13,15035,2024,11,06,17,52
52,90,35704,2024,11,06,17,53
45,17,4829,2024,11,06,17,54
15,31,14421,2024,11,06,17,55
5,16,20454,2024,11,06,17,56
0,43,11595,2024,11,06,17,57
0,85,2175,2024,11,06,17,58
0,8,713,2024,11,06,17,59
0,128,5149,2024,11,06,18,00
4,14,12162,2024,11,06,18,01
17,85,20272,2024,11,06,18,02
136,85,2395,2024,11,06,18,03
60,59,7747,2024,11,06,18,04
276,11,5388,2024,11,06,18,05
32,23,27945,2024,11,06,18,06
3,59,10507,2024,11,06,18,07
15,68,29373,2024,11,06,18,08
46,61,28859,2024,11,06,18,09
34,20,25541,2024,11,06,18,10
49,66,27932,2024,11,06,18,11
35,39,5770,2024,11,06,18,12
30,141,8760,2024,11,06,18,13
2,11,6793,2024,11,06,18,14
60,58,19320,2024,11,06,18,15
30,10,13584,2024,11,06,18,16
0,66,13312,2024,11,06,18,17
0,54,3567,2024,11,06,18,18
0,2,55,2024,11,06,18,19
26,68,14688,2024,11,06,18,22
94,11,16322,2024,11,06,18,23
41,62,12590,2024,11,06,18,24
25,48,12105,2024,11,06,18,25
7,173,18469,2024,11,06,18,26
54,28,29767,2024,11,06,18,27
18,78,22711,2024,11,06,18,28
14,35,14355,2024,11,06,18,29
141,56,2822,2024,11,06,18,30
93,31,12433,2024,11,06,18,31
64,18,13521,2024,11,06,18,32
57,53,22411,2024,11,06,18,33
9,100,27242,2024,11,06,18,34
21,26,14853,2024,11,06,18,35
51,39,22292,2024,11,06,18,36
70,54,20147,2024,11,06,18,37
82,75,31094,2024,11,06,18,38
70,63,14955,2024,11,06,18,39
103,91,22145,2024,11,06,18,40
88,73,25164,2024,11,06,18,41
109,23,6995,2024,11,06,18,42
86,43,14366,2024,11,06,18,43
95,95,10430,2024,11,06,18,44
6,111,9918,2024,11,06,18,45
61,108,28269,2024,11,06,18,46
141,24,15485,2024,11,06,18,47
11,5,4259,2024,11,06,18,48
36,46,12268,2024,11,06,18,49
56,111,10740,2024,11,06,18,50
193,3,2076,2024,11,06,18,51
123,34,9295,2024,11,06,18,52
148,16,4209,2024,11,06,18,53
167,43,10397,2024,11,06,18,54
90,38,9557,2024,11,06,18,55
62,74,16445,2024,11,06,18,56
71,25,29651,2024,11,06,18,57
19,44,41059,2024,11,06,18,58
39,50,27052,2024,11,06,18,59
113,47,17013,2024,11,06,19,00
123,33,18150,2024,11,06,19,01
50,42,36532,2024,11,06,19,02
99,51,31923,2024,11,06,19,03
44,188,22117,2024,11,06,19,04
39,45,34325,2024,11,06,19,05
94,65,25336,2024,11,06,19,06
33,87,31532,2024,11,06,19,07
81,41,22514,2024,11,06,19,08
90,49,30546,2024,11,06,19,09
10,16,24169,2024,11,06,19,10
135,10,16269,2024,11,06,19,11
16,87,36197,2024,11,06,19,12
77,84,28434,2024,11,06,19,13
27,35,39677,2024,11,06,19,14
37,30,49702,2024,11,06,19,15
26,25,20293,2024,11,06,19,16
25,21,20213,2024,11,06,19,17
1,6,9767,2024,11,06,19,18
29,67,19870,2024,11,06,19,19
0,67,70167,2024,11,06,19,32
20,45,46173,2024,11,06,19,33
21,90,24745,2024,11,06,19,34
31,83,17856,2024,11,06,19,35
72,57,34399,2024,11,06,19,36
22,57,31964,2024,11,06,19,37
0,35,61243,2024,11,06,19,38
1,133,14359,2024,11,06,19,39
25,93,19709,2024,11,06,19,40
40,126,18919,2024,11,06,19,41
3,20,17013,2024,11,06,19,42
8,47,36225,2024,11,06,19,43
55,54,31902,2024,11,06,19,44
39,93,24871,2024,11,06,19,45
8,89,28618,2024,11,06,19,46
17,40,29752,2024,11,06,19,47
20,52,23529,2024,11,06,19,48
0,71,25444,2024,11,06,19,49
28,43,22577,2024,11,06,19,50
0,38,24573,2024,11,06,19,51
0,57,34274,2024,11,06,19,52
18,34,17299,2024,11,06,19,53
24,34,26022,2024,11,06,19,54
12,31,24643,2024,11,06,19,55
0,7,4240,2024,11,06,19,56
0,1,2237,2024,11,06,19,57
0,11,7719,2024,11,06,19,58
66,50,29411,2024,11,06,19,59
8,44,33783,2024,11,06,20,00
0,43,27804,2024,11,06,20,01
11,27,26697,2024,11,06,20,02
84,27,23304,2024,11,06,20,03
115,27,10037,2024,11,06,20,04
51,32,19020,2024,11,06,20,05
35,78,19195,2024,11,06,20,06
0,43,10648,2024,11,06,20,07
19,46,14662,2024,11,06,20,08
11,13,17103,2024,11,06,20,09
8,58,24535,2024,11,06,20,10
0,46,27082,2024,11,06,20,11
0,78,22415,2024,11,06,20,12
125,21,12163,2024,11,06,20,13
22,47,32058,2024,11,06,20,14
12,41,30248,2024,11,06,20,15
12,45,27625,2024,11,06,20,16
22,124,23579,2024,11,06,20,17
39,77,15373,2024,11,06,20,18
62,44,28790,2024,11,06,20,19
43,42,36453,2024,11,06,20,20
57,14,8487,2024,11,06,20,21
63,30,37719,2024,11,06,20,22
19,78,51325,2024,11,06,20,23
0,119,26638,2024,11,06,20,24
116,40,15341,2024,11,06,20,25
4,56,20594,2024,11,06,20,26
26,49,15426,2024,11,06,20,28
22,54,24942,2024,11,06,20,29
14,26,13427,2024,11,06,20,30
66,58,15044,2024,11,06,20,31
33,156,25532,2024,11,06,20,32
0,67,31765,2024,11,06,20,33
17,40,33154,2024,11,06,20,34
0,45,27819,2024,11,06,20,35
0,10,14353,2024,11,06,20,36
10,3,4530,2024,11,06,20,37
58,73,9936,2024,11,06,20,38
0,55,17881,2024,11,06,20,39
0,36,108,2024,11,06,20,40
0,210,5286,2024,11,06,20,41
101,82,24120,2024,11,06,20,42
147,21,25874,2024,11,06,20,43
51,27,17225,2024,11,06,20,44
0,39,13844,2024,11,06,20,45
46,30,9228,2024,11,06,20,46
70,67,9497,2024,11,06,20,47
99,10,3195,2024,11,06,20,48
0,13,35375,2024,11,06,20,49
10,8,27948,2024,11,06,21,47
0,19,29435,2024,11,06,21,48
0,35,42233,2024,11,06,21,49
0,57,47276,2024,11,06,21,50
15,29,21211,2024,11,06,21,51
20,31,37323,2024,11,06,21,52
0,30,15798,2024,11,06,21,53
0,25,25345,2024,11,06,21,54
0,28,13567,2024,11,06,21,55
0,11,5307,2024,11,06,21,56
25,55,25694,2024,11,06,21,57
62,52,11553,2024,11,06,21,58
0,50,22243,2024,11,06,21,59
64,28,15923,2024,11,06,22,00
33,18,16647,2024,11,06,22,01
0,42,16230,2024,11,06,22,02
0,32,15023,2024,11,06,22,03
0,12,6173,2024,11,06,22,04
0,40,13550,2024,11,06,22,05
0,53,16746,2024,11,06,22,06
3,21,14703,2024,11,06,22,07
0,11,4426,2024,11,06,22,08
0,25,10602,2024,11,06,22,09
0,43,23415,2024,11,06,22,10
0,29,14767,2024,11,06,22,11
0,67,22296,2024,11,06,22,12
0,18,11938,2024,11,06,22,13
0,18,12589,2024,11,06,22,14
0,14,6207,2024,11,06,22,15
0,2,591,2024,11,06,22,16
0,18,5063,2024,11,06,22,17
0,43,18358,2024,11,06,22,18
0,25,15286,2024,11,06,22,19
0,10,5205,2024,11,06,22,20
0,35,11807,2024,11,06,22,21
0,20,12466,2024,11,06,22,22
0,10,6328,2024,11,06,22,23
0,66,21912,2024,11,06,22,24
0,52,19911,2024,11,06,22,25
0,26,13226,2024,11,06,22,26
0,30,14076,2024,11,06,22,27
0,21,10015,2024,11,06,22,28
0,10,3771,2024,11,06,22,29
0,51,16403,2024,11,06,22,30
0,26,11669,2024,11,06,22,31
0,59,28024,2024,11,06,22,32
0,19,16956,2024,11,06,22,33
0,17,7326,2024,11,06,22,34
5,15,10563,2024,11,06,22,35
0,67,17107,2024,11,06,22,36
0,30,18404,2024,11,06,22,37
0,20,10970,2024,11,06,22,38
0,24,8535,2024,11,06,22,39
0,39,13980,2024,11,06,22,40
0,31,13545,2024,11,06,22,41
0,28,7852,2024,11,06,22,42
0,35,20527,2024,11,06,22,43
0,30,20423,2024,11,06,22,44
0,37,11405,2024,11,06,22,45
0,47,16859,2024,11,06,22,46
0,33,17801,2024,11,06,22,47
0,21,14850,2024,11,06,22,48
0,15,4557,2024,11,06,22,49
0,71,28417,2024,11,06,22,50
0,61,23402,2024,11,06,22,51
0,30,21667,2024,11,06,22,52
0,8,7021,2024,11,06,22,53
0,23,7233,2024,11,06,22,54
0,54,33012,2024,11,06,22,55
0,36,45525,2024,11,06,22,56
0,25,28061,2024,11,06,22,57
0,32,25395,2024,11,06,22,58
0,25,18056,2024,11,06,22,59
0,31,28935,2024,11,06,23,00
0,35,31241,2024,11,06,23,01
0,27,23258,2024,11,06,23,02
26,18,18548,2024,11,06,23,03
0,22,39229,2024,11,06,23,04
0,37,33208,2024,11,06,23,05
0,25,31035,2024,11,06,23,06
0,53,34018,2024,11,06,23,07
10,49,21305,2024,11,06,23,08
0,26,28733,2024,11,06,23,11
0,29,27071,2024,11,06,23,12
0,35,42453,2024,11,06,23,13
15,54,35387,2024,11,06,23,14
0,49,31188,2024,11,06,23,16
0,52,25398,2024,11,06,23,17
1,57,7863,2024,11,06,23,18
7,81,34526,2024,11,06,23,19
9,105,18493,2024,11,06,23,20
0,49,23721,2024,11,06,23,21
0,85,20651,2024,11,06,23,22
31,69,17694,2024,11,06,23,23
13,119,19829,2024,11,06,23,24
75,55,16264,2024,11,06,23,25
21,22,21851,2024,11,06,23,26
30,74,20559,2024,11,06,23,27
1,30,18886,2024,11,06,23,28
26,67,34450,2024,11,06,23,29
20,129,22283,2024,11,06,23,30
0,0,40,2024,11,06,23,31
0,54,14039,2024,11,06,23,32
0,76,12915,2024,11,06,23,33
8,52,9379,2024,11,06,23,34
0,69,3770,2024,11,06,23,35
4,16,4466,2024,11,06,23,36
9,30,25545,2024,11,06,23,37
14,47,30437,2024,11,06,23,38
0,15,8261,2024,11,06,23,39
9,107,11496,2024,11,06,23,42
0,2,2084,2024,11,06,23,43
0,17,17937,2024,11,06,23,44
0,63,23673,2024,11,06,23,45
9,68,12415,2024,11,06,23,46
0,17,9959,2024,11,06,23,47
0,22,4358,2024,11,06,23,48
1,10,6329,2024,11,06,23,49
82,45,20414,2024,11,06,23,50
7,29,10125,2024,11,06,23,51
0,76,301,2024,11,06,23,52
0,66,17682,2024,11,06,23,53
0,102,17120,2024,11,06,23,54
4,50,2965,2024,11,06,23,55
0,108,5068,2024,11,06,23,56
0,91,2609,2024,11,06,23,58
0,52,6859,2024,11,06,23,59
0,38,1733,2024,11,07,00,00
0,2,8661,2024,11,07,00,01
31,20,13074,2024,11,07,00,02
126,1,2729,2024,11,07,00,03
0,21,11705,2024,11,07,00,04
0,1,3725,2024,11,07,12,17
1,0,1,2024,11,07,12,18
0,4,10045,2024,11,07,12,20
0,6,3654,2024,11,07,12,23
0,67,20031,2024,11,07,12,24
0,8,7526,2024,11,07,12,25
0,10,13841,2024,11,07,12,26
0,1,1283,2024,11,07,12,27
0,18,12498,2024,11,07,12,28
0,82,48313,2024,11,07,12,29
0,77,32764,2024,11,07,12,30
0,7,3578,2024,11,07,12,31
0,0,2,2024,11,07,12,32
0,0,2846,2024,11,07,12,33
0,1,6244,2024,11,07,12,37
2,0,0,2024,11,07,12,46
0,7,13408,2024,11,07,12,47
0,5,3656,2024,11,07,12,48
0,4,5943,2024,11,07,12,49
0,42,19276,2024,11,07,12,50
0,23,31349,2024,11,07,12,51
0,30,14447,2024,11,07,12,52
0,9,7607,2024,11,07,12,53
0,25,14564,2024,11,07,12,54
0,2,2571,2024,11,07,12,55
0,29,12709,2024,11,07,12,56
0,32,25234,2024,11,07,12,58
0,15,18697,2024,11,07,12,59
0,62,23614,2024,11,07,13,00
0,46,23977,2024,11,07,13,01
0,20,15249,2024,11,07,13,02
0,20,11490,2024,11,07,13,03
0,26,20912,2024,11,07,13,04
0,11,6821,2024,11,07,13,05
0,38,21996,2024,11,07,13,06
0,43,25865,2024,11,07,13,07
0,2,864,2024,11,07,13,08
0,29,15293,2024,11,07,13,09
0,19,11950,2024,11,07,13,10
0,8,8381,2024,11,07,13,11
0,59,20699,2024,11,07,13,12
0,52,15095,2024,11,07,13,13
0,60,26332,2024,11,07,13,14
0,48,20195,2024,11,07,13,15
0,27,16203,2024,11,07,13,16
0,24,15657,2024,11,07,13,17
0,34,19017,2024,11,07,13,18
0,45,23584,2024,11,07,13,19
0,59,25953,2024,11,07,13,20
0,31,19986,2024,11,07,13,21
0,53,24807,2024,11,07,13,22
0,23,24719,2024,11,07,13,23
0,58,52552,2024,11,07,13,24
0,26,14306,2024,11,07,13,25
0,24,12806,2024,11,07,13,26
0,31,14921,2024,11,07,13,27
0,49,15129,2024,11,07,13,28
0,56,14814,2024,11,07,13,29
0,48,19482,2024,11,07,13,30
0,16,11463,2024,11,07,13,31
0,46,20663,2024,11,07,13,32
0,51,20164,2024,11,07,13,33
0,29,10563,2024,11,07,13,34
0,29,20469,2024,11,07,13,35
0,16,10855,2024,11,07,13,36
0,2,1288,2024,11,07,13,37
0,52,23235,2024,11,07,13,38
0,38,14247,2024,11,07,13,39
0,53,29428,2024,11,07,13,40
0,23,11894,2024,11,07,13,41
0,16,13458,2024,11,07,13,42
0,30,10881,2024,11,07,13,43
0,37,17065,2024,11,07,13,44
0,31,12864,2024,11,07,13,45
0,40,20318,2024,11,07,13,46
0,37,22231,2024,11,07,13,47
0,44,16332,2024,11,07,13,48
0,32,14217,2024,11,07,13,49
0,37,13692,2024,11,07,13,50
0,48,14130,2024,11,07,13,51
0,42,18411,2024,11,07,13,52
0,24,17560,2024,11,07,13,53
0,8,2853,2024,11,07,13,54
0,22,8046,2024,11,07,13,55
0,63,22978,2024,11,07,13,56
0,27,14761,2024,11,07,13,57
0,14,8530,2024,11,07,13,58
0,22,5503,2024,11,07,13,59
0,27,4999,2024,11,07,14,00
0,18,5246,2024,11,07,14,01
0,42,17832,2024,11,07,14,02
0,35,20118,2024,11,07,14,03
0,18,7492,2024,11,07,14,04
0,4,2469,2024,11,07,14,05
0,12,17725,2024,11,07,15,16
9,141,33251,2024,11,07,15,17
12,187,21765,2024,11,07,15,18
7,47,7529,2024,11,07,15,19
16,98,30761,2024,11,07,15,20
18,149,17639,2024,11,07,15,21
0,77,3221,2024,11,07,15,22
6,78,29160,2024,11,07,15,23
0,26,5713,2024,11,07,15,24
0,84,4796,2024,11,07,15,25
0,193,10989,2024,11,07,15,26
28,114,7202,2024,11,07,15,27
0,83,7658,2024,11,07,15,28
17,45,17426,2024,11,07,15,29
0,65,21693,2024,11,07,15,30
0,90,29342,2024,11,07,15,31
134,43,20255,2024,11,07,15,32
52,20,35437,2024,11,07,15,33
131,10,5685,2024,11,07,15,34
119,87,15732,2024,11,07,15,35
4,79,5247,2024,11,07,15,36
4,76,9347,2024,11,07,15,37
36,155,12031,2024,11,07,15,38
1,171,4623,2024,11,07,15,39
0,19,3948,2024,11,07,15,40
0,13,15355,2024,11,07,15,41
0,14,6874,2024,11,07,15,42
0,44,11593,2024,11,07,15,43
0,128,18719,2024,11,07,15,44
0,95,18735,2024,11,07,15,45
0,222,5043,2024,11,07,15,46
0,132,19539,2024,11,07,15,47
0,85,17349,2024,11,07,15,48
0,60,4991,2024,11,07,15,51
28,117,17491,2024,11,07,15,52
240,2,1500,2024,11,07,15,53
14,198,21112,2024,11,07,15,54
0,224,10093,2024,11,07,15,55
0,195,19049,2024,11,07,15,56
11,170,10705,2024,11,07,15,57
0,131,9413,2024,11,07,15,58
110,46,14163,2024,11,07,15,59
130,19,11496,2024,11,07,16,00
14,27,21666,2024,11,07,16,01
47,43,29969,2024,11,07,16,02
25,125,24021,2024,11,07,16,03
11,51,28646,2024,11,07,16,04
96,6,8189,2024,11,07,16,05
11,37,24682,2024,11,07,16,06
0,46,23736,2024,11,07,16,07
142,5,5353,2024,11,07,16,08
35,171,16107,2024,11,07,16,09
48,9,6931,2024,11,07,16,10
57,17,6860,2024,11,07,16,11
41,27,22966,2024,11,07,16,12
87,93,8601,2024,11,07,16,13
56,24,16880,2024,11,07,16,14
81,64,23206,2024,11,07,16,15
61,55,23201,2024,11,07,16,16
10,60,25311,2024,11,07,16,17
169,9,2954,2024,11,07,16,18
37,26,24213,2024,11,07,16,19
130,19,10430,2024,11,07,16,20
5,74,21866,2024,11,07,16,21
0,48,31264,2024,11,07,16,22
1,27,18814,2024,11,07,16,23
0,24,13367,2024,11,07,16,24
0,21,13965,2024,11,07,16,25
0,12,1306,2024,11,07,16,26
9,29,20145,2024,11,07,16,27
4,59,19280,2024,11,07,16,28
32,17,13323,2024,11,07,16,29
0,36,16099,2024,11,07,16,30
0,20,15792,2024,11,07,16,31
0,43,36260,2024,11,07,16,32
0,57,23683,2024,11,07,16,33
0,21,13613,2024,11,07,16,34
0,47,16401,2024,11,07,16,35
0,11,9725,2024,11,07,16,36
0,0,27,2024,11,07,16,37
0,39,16163,2024,11,07,16,38
0,38,18592,2024,11,07,16,39
0,24,9551,2024,11,07,16,40
0,14,4486,2024,11,07,16,41
0,53,19345,2024,11,07,16,42
0,26,15265,2024,11,07,16,43
5,39,14802,2024,11,07,16,44
8,34,26629,2024,11,07,16,45
145,22,12839,2024,11,07,16,46
0,41,26738,2024,11,07,16,47
0,33,17991,2024,11,07,16,48
0,15,10022,2024,11,07,16,49
0,14,5369,2024,11,07,16,50
0,60,21331,2024,11,07,16,51
0,12,4624,2024,11,07,16,52
0,5,4183,2024,11,07,16,53
0,51,20579,2024,11,07,16,54
21,28,15585,2024,11,07,16,55
16,17,17878,2024,11,07,16,56
25,75,30735,2024,11,07,16,57
0,81,22380,2024,11,07,16,58
0,66,30789,2024,11,07,16,59
76,31,19359,2024,11,07,17,00
11,59,23940,2024,11,07,17,01
19,32,17870,2024,11,07,17,02
4,73,24149,2024,11,07,17,03
11,73,27711,2024,11,07,17,04
0,67,24927,2024,11,07,17,05
0,130,23900,2024,11,07,17,06
95,24,20197,2024,11,07,17,07
0,54,27304,2024,11,07,17,08
1,59,15286,2024,11,07,17,09
9,31,16830,2024,11,07,17,10
29,41,17114,2024,11,07,17,11
83,21,12774,2024,11,07,17,12
142,25,10942,2024,11,07,17,13
51,29,24154,2024,11,07,17,14
132,38,24846,2024,11,07,17,15
8,49,14985,2024,11,07,17,16
24,142,15722,2024,11,07,17,17
63,50,10464,2024,11,07,17,18
43,39,7932,2024,11,07,17,19
19,180,24826,2024,11,07,17,20
23,12,8885,2024,11,07,17,21
0,7,11091,2024,11,07,18,13
63,30,12682,2024,11,07,18,16
76,29,24763,2024,11,07,18,17
83,46,15115,2024,11,07,18,18
74,16,11862,2024,11,07,18,19
33,114,8458,2024,11,07,18,20
53,22,17257,2024,11,07,18,21
52,25,15836,2024,11,07,18,22
29,11,15662,2024,11,07,18,23
28,12,11625,2024,11,07,18,24
46,30,18665,2024,11,07,18,25
0,92,13627,2024,11,07,18,26
51,139,12513,2024,11,07,18,27
23,51,17206,2024,11,07,18,28
9,39,13054,2024,11,07,18,29
0,16,9816,2024,11,07,18,30
17,36,19307,2024,11,07,18,31
15,24,22736,2024,11,07,18,32
34,71,16766,2024,11,07,18,33
83,26,7018,2024,11,07,18,34
37,27,15878,2024,11,07,18,35
1,44,13108,2024,11,07,18,36
47,67,21118,2024,11,07,18,37
60,5,7602,2024,11,07,18,38
0,52,17462,2024,11,07,18,40
10,91,20493,2024,11,07,18,41
29,30,19850,2024,11,07,18,42
0,3,6375,2024,11,07,18,43
5,20,32258,2024,11,07,18,44
0,110,17249,2024,11,07,18,45
0,115,24883,2024,11,07,18,46
24,80,38795,2024,11,07,18,47
33,37,27354,2024,11,07,18,48
32,14,10006,2024,11,07,18,49
29,23,10601,2024,11,07,18,50
0,46,17204,2024,11,07,18,51
18,88,23398,2024,11,07,18,52
47,22,11978,2024,11,07,18,53
14,24,30224,2024,11,07,18,54
0,54,19223,2024,11,07,18,55
2,97,10385,2024,11,07,18,56
30,68,9336,2024,11,07,18,57
11,102,14891,2024,11,07,18,58
43,34,30224,2024,11,07,18,59
0,10,12005,2024,11,07,19,00
0,1,506,2024,11,07,19,03
68,66,17745,2024,11,07,19,04
138,2,3871,2024,11,07,19,05
79,42,17781,2024,11,07,19,06
91,22,17567,2024,11,07,19,07
0,77,13097,2024,11,07,19,08
0,31,26085,2024,11,07,19,09
0,20,20442,2024,11,07,19,10
0,77,23528,2024,11,07,19,11
12,46,22917,2024,11,07,19,12
25,82,15954,2024,11,07,19,13
25,47,14772,2024,11,07,19,14
0,71,12849,2024,11,07,19,15
32,138,19592,2024,11,07,19,16
49,16,21244,2024,11,07,19,17
0,17,28695,2024,11,07,19,18
0,44,29091,2024,11,07,19,19
0,38,22459,2024,11,07,19,20
0,36,20332,2024,11,07,19,21
0,48,39563,2024,11,07,19,22
0,14,16496,2024,11,07,19,23
0,38,30127,2024,11,07,19,24
0,15,14709,2024,11,07,19,25
0,15,9015,2024,11,07,19,26
0,27,26490,2024,11,07,19,27
32,26,28731,2024,11,07,19,28
139,19,21709,2024,11,07,19,29
21,17,24033,2024,11,07,19,30
2,12,11618,2024,11,07,19,31
0,30,11993,2024,11,07,19,32
0,30,30401,2024,11,07,19,33
0,29,28201,2024,11,07,19,34
0,26,24150,2024,11,07,19,35
0,18,13944,2024,11,07,19,36
0,7,6525,2024,11,07,19,37
0,24,24233,2024,11,07,19,38
0,22,26408,2024,11,07,19,39
5,40,26949,2024,11,07,19,40
18,28,32866,2024,11,07,19,41
0,22,11594,2024,11,07,19,42
0,21,19635,2024,11,07,19,43
0,17,13046,2024,11,07,19,44
0,33,22121,2024,11,07,19,45
35,45,15329,2024,11,07,19,46
0,13,9979,2024,11,07,19,47
17,79,29887,2024,11,07,19,48
13,102,16307,2024,11,07,19,49
26,94,18498,2024,11,07,19,50
59,41,34890,2024,11,07,19,51
49,128,29286,2024,11,07,19,52
82,85,30056,2024,11,07,19,53
25,41,21818,2024,11,07,19,54
32,33,17369,2024,11,07,19,55
6,51,37351,2024,11,07,19,56
83,75,18843,2024,11,07,19,57
62,29,31880,2024,11,07,19,58
3,98,28620,2024,11,07,19,59
17,51,17229,2024,11,07,20,00
35,24,19451,2024,11,07,20,01
32,78,37529,2024,11,07,20,02
25,86,24831,2024,11,07,20,03
0,72,11868,2024,11,07,20,04
0,50,28688,2024,11,07,20,05
45,9,12666,2024,11,07,20,06
0,21,28912,2024,11,07,20,07
0,34,30505,2024,11,07,20,08
0,36,26834,2024,11,07,20,09
0,30,25047,2024,11,07,20,10
4,70,14960,2024,11,07,20,11
26,20,31466,2024,11,07,20,12
30,9,11887,2024,11,07,20,13
40,22,18603,2024,11,07,20,14
45,32,23029,2024,11,07,20,15
16,53,24579,2024,11,07,20,16
55,120,14614,2024,11,07,20,17
40,65,14340,2024,11,07,20,18
0,102,16045,2024,11,07,20,19
2,77,15449,2024,11,07,20,20
19,65,16939,2024,11,07,20,21
52,78,14173,2024,11,07,20,22
33,72,17650,2024,11,07,20,23
33,35,28824,2024,11,07,20,24
29,120,17730,2024,11,07,20,25
30,105,24329,2024,11,07,20,26
17,38,16246,2024,11,07,20,27
50,62,15898,2024,11,07,20,28
62,31,14545,2024,11,07,20,29
35,80,24060,2024,11,07,20,30
0,84,20683,2024,11,07,20,31
180,111,8603,2024,11,07,20,32
32,39,19134,2024,11,07,20,33
57,48,28050,2024,11,07,20,34
9,89,14809,2024,11,07,20,35
53,85,27338,2024,11,07,20,36
37,107,21658,2024,11,07,20,37
32,37,20959,2024,11,07,20,38
38,65,15897,2024,11,07,20,39
19,90,10770,2024,11,07,20,40
38,56,21684,2024,11,07,20,41
62,47,21518,2024,11,07,20,42
0,63,24104,2024,11,07,20,43
54,86,10311,2024,11,07,20,44
74,30,12753,2024,11,07,20,45
9,39,26890,2024,11,07,20,46
64,7,10338,2024,11,07,20,47
32,28,8799,2024,11,07,20,48
99,9,7829,2024,11,07,20,49
69,51,15507,2024,11,07,20,50
82,3,7007,2024,11,07,20,51
0,2,7582,2024,11,07,20,52
12,37,14562,2024,11,07,20,53
188,30,12585,2024,11,07,20,54
64,36,22406,2024,11,07,20,55
30,23,24917,2024,11,07,20,56
28,41,26925,2024,11,07,20,57
0,41,28552,2024,11,07,20,58
0,10,8999,2024,11,07,20,59
0,23,23597,2024,11,07,21,00
0,25,21591,2024,11,07,21,01
0,28,18030,2024,11,07,21,02
0,19,20923,2024,11,07,21,03
0,14,12513,2024,11,07,21,04
0,10,12077,2024,11,07,21,05
0,3,9044,2024,11,07,21,50
0,3,10754,2024,11,07,21,51
0,3,10049,2024,11,07,21,52
0,3,2967,2024,11,07,22,02
8,0,0,2024,11,07,22,05
4,0,0,2024,11,07,22,06
2,0,0,2024,11,07,22,07
0,2,7149,2024,11,07,22,10
0,32,24568,2024,11,07,22,11
53,123,22721,2024,11,07,22,12
27,132,39659,2024,11,07,22,13
138,12,13723,2024,11,07,22,14
23,60,27890,2024,11,07,22,15
0,91,17919,2024,11,07,22,16
35,68,31924,2024,11,07,22,17
0,68,22460,2024,11,07,22,18
17,51,13998,2024,11,07,22,19
0,21,32967,2024,11,07,22,20
0,24,31769,2024,11,07,22,21
0,33,10787,2024,11,07,22,22
161,8,7730,2024,11,07,22,23
132,12,12567,2024,11,07,22,24
56,12,8167,2024,11,07,22,25
189,39,6791,2024,11,07,22,26
4,6,13239,2024,11,07,22,27
0,34,16785,2024,11,07,22,28
29,26,26288,2024,11,07,22,29
233,0,0,2024,11,07,22,30
57,20,15961,2024,11,07,22,31
13,36,27411,2024,11,07,22,32
35,20,29605,2024,11,07,22,33
1,82,16880,2024,11,07,22,34
0,31,10361,2024,11,07,22,35
7,79,21725,2024,11,07,22,36
100,27,14167,2024,11,07,22,37
0,60,14109,2024,11,07,22,38
21,32,17147,2024,11,07,22,39
27,0,0,2024,11,07,22,40
16,0,1783,2024,11,07,22,45
6,1,3488,2024,11,07,22,46
1,108,21034,2024,11,07,22,49
53,66,15920,2024,11,07,22,50
32,39,7753,2024,11,07,22,51
42,27,16503,2024,11,07,22,52
39,68,13239,2024,11,07,22,53
79,45,11087,2024,11,07,22,54
33,42,12360,2024,11,07,22,55
99,89,14331,2024,11,07,22,56
85,28,16941,2024,11,07,22,57
6,14,5011,2024,11,07,22,58
0,11,3319,2024,11,07,22,59
0,12,3298,2024,11,07,23,00
0,16,1279,2024,11,07,23,01
0,30,3443,2024,11,07,23,03
0,15,2008,2024,11,07,23,04
0,42,15553,2024,11,07,23,05
24,29,18005,2024,11,07,23,06
38,37,15762,2024,11,07,23,07
19,108,11910,2024,11,07,23,08
41,56,13740,2024,11,07,23,09
92,24,13267,2024,11,07,23,10
0,5,9731,2024,11,07,23,11
0,2,274,2024,11,07,23,12
34,2,6228,2024,11,07,23,18
0,60,40693,2024,11,07,23,19
0,53,15957,2024,11,07,23,20
0,31,21185,2024,11,07,23,21
0,119,31542,2024,11,07,23,22
17,119,32602,2024,11,07,23,23
0,68,26332,2024,11,07,23,24
0,72,33711,2024,11,07,23,25
0,39,21183,2024,11,07,23,26
0,35,17828,2024,11,07,23,27
0,26,11890,2024,11,07,23,28
0,27,16438,2024,11,07,23,29
0,49,18054,2024,11,07,23,30
0,43,25261,2024,11,07,23,31
0,20,9070,2024,11,07,23,32
0,15,4012,2024,11,07,23,33
0,70,39455,2024,11,07,23,34
0,56,39959,2024,11,07,23,35
0,23,14209,2024,11,07,23,36
0,4,1292,2024,11,07,23,37
0,43,12536,2024,11,07,23,38
0,39,41966,2024,11,07,23,39
0,37,34503,2024,11,07,23,40
0,32,24493,2024,11,07,23,41
0,40,26067,2024,11,07,23,42
0,79,24904,2024,11,07,23,43
0,15,5726,2024,11,07,23,44
0,6,7522,2024,11,07,23,45
0,12,5249,2024,11,07,23,47
0,12,10149,2024,11,08,00,16
32,55,13155,2024,11,08,00,17
0,25,18379,2024,11,08,12,06
0,51,47256,2024,11,08,12,07
0,53,54132,2024,11,08,12,08
0,44,47548,2024,11,08,12,09
0,51,49336,2024,11,08,12,10
0,5,4744,2024,11,08,12,11
0,42,32453,2024,11,08,12,12
0,6,1914,2024,11,08,12,13
0,44,30679,2024,11,08,12,14
0,30,25516,2024,11,08,12,15
0,26,22733,2024,11,08,12,16
0,9,12757,2024,11,08,12,17
0,27,20881,2024,11,08,12,18
0,38,33892,2024,11,08,12,19
0,27,23403,2024,11,08,12,20
0,38,34396,2024,11,08,12,21
0,56,45569,2024,11,08,12,22
0,6,3793,2024,11,08,12,23
0,8,2746,2024,11,08,12,24
0,38,11317,2024,11,08,12,25
0,11,4955,2024,11,08,12,26
0,49,16798,2024,11,08,12,27
0,25,10468,2024,11,08,12,28
0,47,12117,2024,11,08,12,29
0,42,23342,2024,11,08,12,30
0,12,15101,2024,11,08,12,31
0,40,12354,2024,11,08,12,32
0,15,8618,2024,11,08,12,33
0,10,5738,2024,11,08,12,34
0,45,19704,2024,11,08,12,35
0,45,14579,2024,11,08,12,36
0,69,14613,2024,11,08,12,37
0,0,1920,2024,11,08,12,38
0,1,6091,2024,11,08,13,35
33,50,40413,2024,11,08,13,45
33,81,39906,2024,11,08,13,46
45,63,32399,2024,11,08,13,47
3,61,28196,2024,11,08,13,48
8,48,25832,2024,11,08,13,49
23,23,21790,2024,11,08,13,50
79,25,15928,2024,11,08,13,51
40,8,4960,2024,11,08,13,52
49,56,40511,2024,11,08,13,53
54,24,22053,2024,11,08,13,54
15,151,36191,2024,11,08,13,55
1,133,30652,2024,11,08,13,56
0,12,5269,2024,11,08,13,57
23,101,26738,2024,11,08,13,58
45,87,21742,2024,11,08,13,59
187,62,7212,2024,11,08,14,00
117,21,7041,2024,11,08,14,01
103,25,5859,2024,11,08,14,02
30,88,16630,2024,11,08,14,03
14,45,16168,2024,11,08,14,04
34,148,16691,2024,11,08,14,05
34,86,24291,2024,11,08,14,06
54,10,14816,2024,11,08,14,07
121,12,6991,2024,11,08,14,08
23,87,12311,2024,11,08,14,09
7,84,14755,2024,11,08,14,10
8,118,23565,2024,11,08,14,11
151,6,7778,2024,11,08,14,12
14,103,18050,2024,11,08,14,13
18,65,21212,2024,11,08,14,14
83,73,19507,2024,11,08,14,15
109,119,18390,2024,11,08,14,16
75,90,12113,2024,11,08,14,17
50,66,19865,2024,11,08,14,18
68,29,20202,2024,11,08,14,19
3,59,32137,2024,11,08,14,20
54,21,31420,2024,11,08,14,21
58,25,25705,2024,11,08,14,22
34,18,16185,2024,11,08,14,23
57,103,7444,2024,11,08,14,24
30,17,5273,2024,11,08,14,25
14,166,15406,2024,11,08,14,26
0,121,17925,2024,11,08,14,27
99,72,17148,2024,11,08,14,28
2,72,13481,2024,11,08,14,29
121,5,9822,2024,11,08,14,30
83,19,6732,2024,11,08,14,31
49,69,8732,2024,11,08,14,32
9,91,16716,2024,11,08,14,33
4,55,15848,2024,11,08,14,34
72,40,17892,2024,11,08,14,35
2,17,7730,2024,11,08,14,36
32,49,11606,2024,11,08,14,37
86,88,12194,2024,11,08,14,38
0,143,23144,2024,11,08,14,39
2,230,14299,2024,11,08,14,40
6,146,25642,2024,11,08,14,41
109,89,22882,2024,11,08,14,42
257,0,0,2024,11,08,14,43
67,78,13665,2024,11,08,14,44
45,126,28848,2024,11,08,14,45
0,196,13800,2024,11,08,14,46
55,50,8823,2024,11,08,14,47
19,78,22686,2024,11,08,14,48
8,62,16892,2024,11,08,14,49
101,34,9966,2024,11,08,14,50
29,72,19395,2024,11,08,14,51
45,110,17401,2024,11,08,14,52
8,37,16489,2024,11,08,14,53
170,77,7694,2024,11,08,14,54
14,170,20869,2024,11,08,14,55
61,64,21929,2024,11,08,14,56
17,93,8395,2024,11,08,14,57
4,62,13935,2024,11,08,14,58
3,132,13854,2024,11,08,14,59
60,25,15541,2024,11,08,15,00
111,67,12521,2024,11,08,15,01
3,260,12119,2024,11,08,15,02
0,167,11574,2024,11,08,15,03
1,99,15948,2024,11,08,15,04
0,105,1321,2024,11,08,15,05
0,52,8998,2024,11,08,15,06
5,172,26436,2024,11,08,15,07
60,7,3031,2024,11,08,15,08
18,47,13235,2024,11,08,15,09
90,29,7488,2024,11,08,15,10
187,1,580,2024,11,08,15,11
31,43,8900,2024,11,08,15,12
9,72,4851,2024,11,08,15,13
37,59,10663,2024,11,08,15,14
16,66,8650,2024,11,08,15,15
38,52,10380,2024,11,08,15,16
31,65,7812,2024,11,08,15,17
39,82,7211,2024,11,08,15,18
35,88,13924,2024,11,08,15,19
0,105,7220,2024,11,08,15,20
0,99,10171,2024,11,08,15,21
20,83,9074,2024,11,08,15,22
7,184,5077,2024,11,08,15,23
0,65,23321,2024,11,08,15,24
37,69,10722,2024,11,08,15,25
7,57,22611,2024,11,08,15,26
12,40,29850,2024,11,08,15,27
52,104,13408,2024,11,08,15,28
31,37,14662,2024,11,08,15,29
35,24,7404,2024,11,08,15,30
48,53,13744,2024,11,08,15,31
23,20,8823,2024,11,08,15,32
79,11,7395,2024,11,08,15,33
32,31,8352,2024,11,08,15,34
23,6,20085,2024,11,08,15,35
113,0,0,2024,11,08,15,36
0,15,912,2024,11,08,15,37
1,1,2808,2024,11,08,15,38
37,71,17831,2024,11,08,15,39
11,6,6099,2024,11,08,15,40
75,32,12611,2024,11,08,15,41
15,63,30148,2024,11,08,15,42
33,66,16608,2024,11,08,15,43
0,37,11235,2024,11,08,15,44
0,168,13671,2024,11,08,15,45
15,23,15457,2024,11,08,15,46
17,89,27879,2024,11,08,15,47
31,68,20868,2024,11,08,15,48
0,6,10568,2024,11,08,15,49
43,110,9938,2024,11,08,15,50
16,41,18913,2024,11,08,15,51
71,33,14709,2024,11,08,15,52
0,15,15729,2024,11,08,15,53
24,49,16874,2024,11,08,15,54
20,19,27957,2024,11,08,15,55
84,1,1289,2024,11,08,15,56
77,11,7252,2024,11,08,15,57
60,4,6224,2024,11,08,15,58
8,22,26426,2024,11,08,15,59
59,5,5953,2024,11,08,16,00
0,2,2945,2024,11,08,16,01
29,7,8380,2024,11,08,16,02
0,8,10699,2024,11,08,16,03
0,4,1279,2024,11,08,16,05
36,42,15840,2024,11,08,16,06
36,70,23960,2024,11,08,16,07
18,16,29744,2024,11,08,16,08
37,10,16451,2024,11,08,16,09
0,5,11357,2024,11,08,16,10
0,0,3045,2024,11,08,16,11
0,1,1879,2024,11,08,16,12
0,29,16963,2024,11,08,16,15
14,28,30153,2024,11,08,16,16
20,10,5533,2024,11,08,16,17
9,37,16902,2024,11,08,16,19
0,33,11969,2024,11,08,16,20
78,87,15816,2024,11,08,16,21
39,32,16591,2024,11,08,16,22
59,105,9861,2024,11,08,16,23
96,49,13345,2024,11,08,16,24
76,61,16783,2024,11,08,16,25
97,43,8205,2024,11,08,16,26
0,112,19062,2024,11,08,16,27
9,16,27863,2024,11,08,16,28
0,39,9523,2024,11,08,16,29
36,73,16389,2024,11,08,16,30
0,107,8315,2024,11,08,16,31
0,72,15516,2024,11,08,16,32
0,23,13744,2024,11,08,16,33
27,54,17151,2024,11,08,16,34
24,49,20783,2024,11,08,16,35
52,61,14432,2024,11,08,16,36
84,21,7066,2024,11,08,16,37
0,95,16580,2024,11,08,16,38
0,35,24807,2024,11,08,16,39
0,6,9956,2024,11,08,16,40
0,4,5957,2024,11,08,16,41
0,71,9010,2024,11,08,16,45
6,63,14798,2024,11,08,16,46
43,13,5945,2024,11,08,16,47
13,51,17673,2024,11,08,16,48
4,36,21315,2024,11,08,16,49
0,52,27123,2024,11,08,16,50
0,107,5392,2024,11,08,16,51
0,92,12768,2024,11,08,16,52
0,61,13720,2024,11,08,16,53
0,7,4164,2024,11,08,16,54
0,51,6322,2024,11,08,16,55
0,2,6564,2024,11,08,16,56
0,8,10473,2024,11,08,16,57
0,29,15025,2024,11,08,16,58
121,25,11810,2024,11,08,16,59
0,41,10350,2024,11,08,17,00
24,61,11923,2024,11,08,17,02
82,25,32340,2024,11,08,17,03
12,67,24561,2024,11,08,17,04
36,87,22027,2024,11,08,17,05
0,61,22012,2024,11,08,17,06
0,17,10294,2024,11,08,17,07
0,130,41896,2024,11,08,17,08
8,75,13192,2024,11,08,17,09
75,21,13533,2024,11,08,17,10
0,1,1182,2024,11,08,17,12
1,132,16129,2024,11,08,17,13
0,67,8892,2024,11,08,17,14
0,83,8253,2024,11,08,17,15
0,113,1775,2024,11,08,17,16
0,121,11453,2024,11,08,17,17
15,118,9367,2024,11,08,17,18
0,122,8291,2024,11,08,17,19
0,125,7081,2024,11,08,17,20
0,92,1419,2024,11,08,17,21
0,67,9186,2024,11,08,17,22
0,150,1925,2024,11,08,17,23
0,113,4641,2024,11,08,17,24
0,117,5179,2024,11,08,17,25
0,139,41,2024,11,08,17,26
0,82,7433,2024,11,08,17,27
0,40,706,2024,11,08,17,28
0,0,67,2024,11,08,17,29
0,89,8154,2024,11,08,17,30
0,0,707,2024,11,08,17,31
0,54,18432,2024,11,08,17,32
0,143,7222,2024,11,08,17,33
0,115,10040,2024,11,08,17,34
0,10,1063,2024,11,08,17,35
0,1,1958,2024,11,08,17,36
41,68,13018,2024,11,08,17,37
31,57,8001,2024,11,08,17,38
0,110,9492,2024,11,08,17,39
0,127,491,2024,11,08,17,40
3,51,43411,2024,11,08,17,41
1,51,26084,2024,11,08,17,42
0,19,19760,2024,11,08,17,43
9,47,40911,2024,11,08,18,20
127,45,13026,2024,11,08,18,21
0,0,5895,2024,11,08,18,22
0,83,14179,2024,11,08,18,23
29,75,46861,2024,11,08,18,24
125,6,58835,2024,11,08,18,25
130,27,11818,2024,11,08,18,26
73,13,7998,2024,11,08,18,27
97,0,0,2024,11,08,18,28
40,0,0,2024,11,08,18,29
106,0,0,2024,11,08,18,30
87,30,5042,2024,11,08,18,31
1,28,10725,2024,11,08,18,32
147,1,265,2024,11,08,18,33
78,0,0,2024,11,08,18,34
177,12,3538,2024,11,08,18,37
219,8,1311,2024,11,08,18,38
64,2,1695,2024,11,08,18,39
0,19,3250,2024,11,08,18,40
15,69,25503,2024,11,08,18,41
6,10,5443,2024,11,08,18,42
0,12,19,2024,11,08,18,44
0,11,262,2024,11,08,18,45
0,55,16332,2024,11,08,18,47
0,19,20423,2024,11,08,18,48
0,15,6206,2024,11,08,18,49
0,18,6253,2024,11,08,18,50
0,17,887,2024,11,08,18,51
0,12,39,2024,11,08,18,52
0,106,5373,2024,11,08,18,53
0,64,1236,2024,11,08,18,54
0,95,27050,2024,11,08,18,55
6,20,12871,2024,11,08,18,56
0,134,23554,2024,11,08,18,57
9,8,9276,2024,11,08,18,58
38,24,15806,2024,11,08,18,59
0,95,16935,2024,11,08,19,00
0,203,27545,2024,11,08,19,01
10,70,33291,2024,11,08,19,02
0,124,22712,2024,11,08,19,03
0,159,15108,2024,11,08,19,04
0,28,13065,2024,11,08,19,05
0,18,21708,2024,11,08,19,06
0,11,8179,2024,11,08,19,07
8,100,30487,2024,11,08,19,08
38,77,18523,2024,11,08,19,09
1,22,15278,2024,11,08,19,11
16,71,24188,2024,11,08,19,12
7,28,23354,2024,11,08,19,13
1,101,28549,2024,11,08,19,14
0,62,20816,2024,11,08,19,15
0,1,3020,2024,11,08,19,16
0,7,12402,2024,11,08,19,17
0,2,7847,2024,11,08,19,18
84,15,17528,2024,11,08,19,20
114,1,954,2024,11,08,19,21
144,12,16780,2024,11,08,19,22
198,45,6240,2024,11,08,19,23
85,0,0,2024,11,08,19,24
40,2,2282,2024,11,08,19,25
24,1,2674,2024,11,08,19,26
15,27,18492,2024,11,08,19,27
0,58,10971,2024,11,08,19,28
0,31,22954,2024,11,08,19,29
0,66,25743,2024,11,08,19,30
0,26,18248,2024,11,08,19,31
0,12,1607,2024,11,08,19,33
0,5,7384,2024,11,08,19,34
0,17,3410,2024,11,08,19,35
0,21,4906,2024,11,08,19,37
0,4,0,2024,11,08,19,38
0,38,20297,2024,11,08,19,39
1,133,15896,2024,11,08,19,40
12,60,26289,2024,11,08,19,41
0,171,29121,2024,11,08,19,42
0,67,26046,2024,11,08,19,43
0,112,16158,2024,11,08,19,44
0,201,15172,2024,11,08,19,45
0,286,18696,2024,11,08,19,46
0,182,10807,2024,11,08,19,47
0,88,15140,2024,11,08,19,48
0,151,9228,2024,11,08,19,49
0,267,16983,2024,11,08,19,50
0,309,6481,2024,11,08,19,51
0,258,24676,2024,11,08,19,52
26,41,39274,2024,11,08,19,53
7,20,24689,2024,11,08,19,54
54,41,42589,2024,11,08,19,55
4,25,31921,2024,11,08,19,56
0,23,23182,2024,11,08,19,57
4,34,20676,2024,11,08,19,58
13,25,26798,2024,11,08,19,59
10,31,24003,2024,11,08,20,00
13,34,25020,2024,11,08,20,01
0,26,27259,2024,11,08,20,02
48,440,14442,2024,11,08,20,03
68,94,26143,2024,11,08,20,04
101,18,7240,2024,11,08,20,05
42,79,29422,2024,11,08,20,06
0,33,24044,2024,11,08,20,07
86,23,16018,2024,11,08,20,08
28,28,12851,2024,11,08,20,09
1,4,4581,2024,11,08,20,10
2,30,26249,2024,11,08,21,02
7,90,6435,2024,11,08,21,03
0,19,13788,2024,11,08,21,04
0,44,45415,2024,11,08,21,05
0,26,28428,2024,11,08,21,06
0,4,9239,2024,11,08,21,09
0,23,31326,2024,11,08,21,10
0,33,35816,2024,11,08,21,11
0,54,43839,2024,11,08,21,12
0,41,36983,2024,11,08,21,13
0,16,16339,2024,11,08,21,14
0,64,41220,2024,11,08,21,15
0,39,41122,2024,11,08,21,16
0,20,18394,2024,11,08,21,17
0,14,14374,2024,11,08,21,18
0,31,30390,2024,11,08,21,19
0,41,42267,2024,11,08,21,20
0,13,21241,2024,11,08,21,21
0,6,3986,2024,11,08,21,22
0,20,23038,2024,11,08,21,23
0,42,37051,2024,11,08,21,24
0,31,41033,2024,11,08,21,25
0,23,28965,2024,11,08,21,26
0,23,23301,2024,11,08,21,27
103,87,22494,2024,11,08,21,28
142,109,14830,2024,11,08,21,29
16,29,42045,2024,11,08,21,30
0,34,31925,2024,11,08,21,31
6,27,38815,2024,11,08,21,32
0,34,33790,2024,11,08,21,33
0,25,29346,2024,11,08,21,34
0,18,26705,2024,11,08,21,35
0,42,54997,2024,11,08,21,36
0,28,28181,2024,11,08,21,37
0,40,42214,2024,11,08,21,38
0,38,38462,2024,11,08,21,39
0,27,30116,2024,11,08,21,40
0,29,56742,2024,11,08,21,41
0,39,45484,2024,11,08,21,42
0,42,46856,2024,11,08,21,43
0,19,32736,2024,11,08,21,44
0,19,24092,2024,11,08,21,45
0,67,46682,2024,11,08,21,46
0,16,18537,2024,11,08,21,47
0,4,6548,2024,11,08,21,48
0,57,40183,2024,11,08,21,49
0,12,23541,2024,11,08,21,50
0,6,6140,2024,11,08,21,51
0,45,40566,2024,11,08,21,52
0,19,24069,2024,11,08,21,53
0,6,11265,2024,11,08,21,54
0,31,20234,2024,11,08,21,55
0,32,39350,2024,11,08,21,56
0,44,25692,2024,11,08,21,57
0,6,5431,2024,11,08,21,58
0,62,54407,2024,11,08,21,59
0,73,47316,2024,11,08,22,00
0,70,65282,2024,11,08,22,01
0,54,72141,2024,11,08,22,02
0,42,34523,2024,11,08,22,03
5,8,3798,2024,11,08,22,04
0,20,9466,2024,11,08,22,05
10,18,4005,2024,11,08,22,06
0,8,325,2024,11,08,22,07
0,4,0,2024,11,08,22,08
30,65,7249,2024,11,08,22,09
0,7,434,2024,11,08,22,11
24,46,6448,2024,11,08,22,12
1,87,1602,2024,11,08,22,14
18,51,1407,2024,11,08,22,15
0,0,32,2024,11,08,22,16
0,49,7831,2024,11,08,22,19
25,82,13232,2024,11,08,22,20
10,67,8653,2024,11,08,22,21
8,22,4102,2024,11,08,22,22
8,22,21529,2024,11,08,22,23
38,39,7352,2024,11,08,22,24
84,99,15226,2024,11,08,22,25
13,44,11464,2024,11,08,22,26
21,108,5370,2024,11,08,22,27
75,165,8821,2024,11,08,22,28
108,4,1616,2024,11,08,22,29
15,41,15905,2024,11,08,22,30
41,178,5125,2024,11,08,22,31
0,69,10084,2024,11,08,22,32
0,31,9407,2024,11,08,22,33
63,155,10169,2024,11,08,22,34
4,57,21797,2024,11,08,22,35
24,152,16622,2024,11,08,22,36
0,41,1557,2024,11,08,22,37
0,54,12087,2024,11,08,22,38
86,6,9098,2024,11,08,22,40
25,101,15112,2024,11,08,22,41
84,51,11114,2024,11,08,22,42
39,37,14685,2024,11,08,22,43
121,50,12460,2024,11,08,22,44
63,24,9113,2024,11,08,22,45
10,23,13193,2024,11,08,22,46
0,31,303,2024,11,08,22,47
18,16,4018,2024,11,08,22,48
12,9,10033,2024,11,08,22,50
72,37,15264,2024,11,08,22,51
0,47,10655,2024,11,08,22,52
147,20,9423,2024,11,08,22,53
0,90,4594,2024,11,08,22,55
24,5,3645,2024,11,08,22,56
0,1,704,2024,11,08,22,57
18,51,12562,2024,11,08,22,58
0,8,15615,2024,11,08,22,59
11,56,6606,2024,11,08,23,00
0,4,123,2024,11,08,23,01
34,29,12855,2024,11,08,23,02
24,62,7829,2024,11,08,23,03
22,20,12931,2024,11,08,23,04
8,39,9317,2024,11,08,23,05
41,114,5375,2024,11,08,23,06
0,21,441,2024,11,08,23,11
78,19,19407,2024,11,08,23,12
133,7,6269,2024,11,08,23,13
9,39,9806,2024,11,08,23,14
112,74,11215,2024,11,08,23,15
91,58,18306,2024,11,08,23,16
41,38,13721,2024,11,08,23,17
14,91,5279,2024,11,08,23,18
0,32,23732,2024,11,08,23,19
24,78,33546,2024,11,08,23,20
8,76,12149,2024,11,08,23,21
8,24,19446,2024,11,08,23,22
0,38,28255,2024,11,08,23,23
0,4,2410,2024,11,08,23,24
0,64,3195,2024,11,08,23,25
31,33,1039,2024,11,08,23,26
44,13,3219,2024,11,08,23,27
0,63,13848,2024,11,08,23,28
69,88,8126,2024,11,08,23,29
21,37,1458,2024,11,08,23,30
0,11,8264,2024,11,08,23,32
0,54,5888,2024,11,08,23,33
0,0,1133,2024,11,08,23,34
0,20,3570,2024,11,08,23,35
0,1,1133,2024,11,08,23,38
17,121,13720,2024,11,08,23,46
0,37,2104,2024,11,08,23,51
0,10,1025,2024,11,08,23,52
0,1,211,2024,11,09,00,00
13,26,5616,2024,11,09,00,01
0,8,9305,2024,11,09,00,04
0,33,28691,2024,11,09,00,05
0,26,15133,2024,11,09,00,06
0,40,20858,2024,11,09,00,07
0,38,21888,2024,11,09,00,08
0,25,16229,2024,11,09,00,09
0,27,26804,2024,11,09,00,10
0,34,24988,2024,11,09,00,11
0,21,11914,2024,11,09,00,12
0,37,21274,2024,11,09,00,13
0,33,18274,2024,11,09,00,14
59,27,19869,2024,11,09,00,15
21,157,15125,2024,11,09,00,16
30,75,21282,2024,11,09,00,17
21,33,22573,2024,11,09,00,18
0,83,22903,2024,11,09,00,19
0,242,10173,2024,11,09,00,20
9,143,12106,2024,11,09,00,21
9,153,12269,2024,11,09,00,22
0,108,14081,2024,11,09,00,23
0,121,12835,2024,11,09,00,24
7,110,11012,2024,11,09,00,25
0,88,15363,2024,11,09,00,26
0,140,13082,2024,11,09,00,27
0,96,6873,2024,11,09,00,28
0,0,1,2024,11,09,00,50
0,27,25343,2024,11,09,05,32
7,9,13115,2024,11,09,21,17
21,75,18395,2024,11,09,21,18
0,132,24415,2024,11,09,21,19
14,27,28604,2024,11,09,21,20
16,22,23385,2024,11,09,21,21
0,52,21682,2024,11,09,21,22
19,16,23599,2024,11,09,21,23
1,38,23592,2024,11,09,21,24
4,42,43345,2024,11,09,21,25
32,34,26598,2024,11,09,21,26
0,78,46900,2024,11,09,21,27
0,59,26957,2024,11,09,21,28
0,76,30871,2024,11,09,21,29
0,0,5680,2024,11,09,21,30
0,0,23,2024,11,09,21,31
0,0,3,2024,11,09,21,32
0,0,512,2024,11,09,21,34
0,0,1,2024,11,09,21,35
0,0,267,2024,11,09,21,39
0,0,78,2024,11,09,21,40
0,0,749,2024,11,09,21,41
0,2,8125,2024,11,09,21,42
197,29,18794,2024,11,09,21,43
73,4,4835,2024,11,09,21,44
154,6,8387,2024,11,09,21,45
191,1,393,2024,11,09,21,46
171,0,0,2024,11,09,21,47
0,10,3268,2024,11,09,21,48
0,6,22,2024,11,09,21,49
43,2,3202,2024,11,09,21,50
217,0,0,2024,11,09,21,51
112,13,4729,2024,11,09,21,52
155,3,2016,2024,11,09,21,53
126,0,0,2024,11,09,21,54
182,0,0,2024,11,09,21,55
121,0,0,2024,11,09,21,56
175,0,0,2024,11,09,21,57
109,3,705,2024,11,09,21,58
192,7,2021,2024,11,09,21,59
184,21,7517,2024,11,09,22,00
185,10,5753,2024,11,09,22,01
23,11,18372,2024,11,09,22,02
0,9,20,2024,11,09,22,03
0,2,2844,2024,11,09,22,04
33,24,17764,2024,11,09,22,05
65,23,18752,2024,11,09,22,06
10,35,24592,2024,11,09,22,07
31,61,23084,2024,11,09,22,08
6,48,23136,2024,11,09,22,09
0,43,5568,2024,11,09,22,10
0,13,2223,2024,11,09,22,12
0,2,10714,2024,11,09,22,16
0,68,12488,2024,11,09,22,17
7,63,32012,2024,11,09,22,18
0,113,4632,2024,11,09,22,19
152,26,15932,2024,11,09,22,20
96,70,10443,2024,11,09,22,21
104,96,12364,2024,11,09,22,22
0,89,6673,2024,11,09,22,23
0,26,7865,2024,11,09,22,42
0,43,2983,2024,11,09,22,43
0,20,9924,2024,11,09,22,46
0,9,5267,2024,11,09,22,47
0,8,919,2024,11,09,22,51
0,37,13180,2024,11,09,22,52
0,5,2457,2024,11,09,22,53
0,0,1,2024,11,09,22,54
0,8,7160,2024,11,09,23,01
0,18,5160,2024,11,09,23,02
1,10,2206,2024,11,09,23,03
0,12,730,2024,11,09,23,05
0,2,1,2024,11,09,23,06
0,57,23368,2024,11,09,23,07
0,45,11854,2024,11,09,23,08
0,11,5965,2024,11,09,23,26
0,4,2869,2024,11,09,23,27
0,8,17301,2024,11,09,23,28
0,9,7969,2024,11,09,23,29
0,9,14059,2024,11,09,23,30
0,3,8989,2024,11,09,23,31
26,24,34928,2024,11,09,23,32
0,35,31443,2024,11,09,23,33
0,33,33295,2024,11,09,23,34
0,14,18221,2024,11,09,23,35
0,19,15341,2024,11,09,23,36
0,0,79,2024,11,09,23,37
0,6,11426,2024,11,09,23,45
0,0,1,2024,11,10,00,36
2,1,29197,2024,11,10,07,51
1,36,15155,2024,11,10,07,52
0,6,3336,2024,11,10,07,53
27,14,10929,2024,11,10,07,54
0,1,135,2024,11,10,16,19
23,12,26323,2024,11,10,16,20
0,5,11454,2024,11,10,16,21
0,7,9098,2024,11,10,20,21
0,19,20422,2024,11,10,20,22
0,2,1912,2024,11,10,20,23
0,19,10137,2024,11,10,20,24
0,54,33414,2024,11,10,20,25
0,67,28717,2024,11,10,20,26
0,1,1917,2024,11,10,20,27
0,0,2,2024,11,10,20,29
0,4,3188,2024,11,10,20,31
0,1,340,2024,11,10,20,32
0,0,1108,2024,11,10,20,33
0,0,2,2024,11,10,20,34
51,0,4,2024,11,10,20,35
12,0,0,2024,11,10,20,36
0,0,1,2024,11,10,20,37
0,0,55,2024,11,10,20,38
0,0,2,2024,11,10,20,39
0,3,5509,2024,11,10,20,40
0,7,11077,2024,11,10,20,41
0,0,2559,2024,11,11,09,50
1,0,0,2024,11,11,09,51
0,0,1425,2024,11,11,10,01
0,0,444,2024,11,11,10,03
0,0,4,2024,11,11,10,04
0,0,1217,2024,11,11,10,05
0,0,79,2024,11,11,10,06
0,0,70,2024,11,11,10,09
0,18,30728,2024,11,11,10,10
0,25,15210,2024,11,11,10,11
0,79,35759,2024,11,11,10,12
0,59,30136,2024,11,11,10,13
0,4,2531,2024,11,11,10,14
0,26,11525,2024,11,11,10,15
0,17,5756,2024,11,11,10,16
0,20,6496,2024,11,11,10,17
0,9,9148,2024,11,11,10,18
0,14,7078,2024,11,11,10,19
0,4,3368,2024,11,11,10,20
0,17,8973,2024,11,11,10,21
0,31,15163,2024,11,11,10,22
0,30,13797,2024,11,11,10,23
0,30,18847,2024,11,11,10,24
0,38,22255,2024,11,11,10,25
0,25,14052,2024,11,11,10,26
0,25,14994,2024,11,11,10,27
0,27,12418,2024,11,11,10,28
0,26,15058,2024,11,11,10,29
0,19,9778,2024,11,11,10,30
0,31,17816,2024,11,11,10,31
0,11,3011,2024,11,11,10,32
0,15,11017,2024,11,11,10,33
0,28,9243,2024,11,11,10,34
0,36,20209,2024,11,11,10,35
0,28,13631,2024,11,11,10,36
0,61,30567,2024,11,11,10,37
0,29,17915,2024,11,11,10,38
0,48,21736,2024,11,11,10,39
0,22,11892,2024,11,11,10,40
0,31,13227,2024,11,11,10,41
0,109,30293,2024,11,11,10,42
0,30,14849,2024,11,11,10,43
0,0,2,2024,11,11,10,45
0,4,4494,2024,11,11,10,46
0,8,7887,2024,11,11,10,50
0,35,18004,2024,11,11,10,51
0,44,20298,2024,11,11,10,52
0,7,5949,2024,11,11,10,53
0,41,20007,2024,11,11,10,54
0,9,4288,2024,11,11,10,55
0,40,11656,2024,11,11,10,56
0,17,13024,2024,11,11,10,57
0,2,3056,2024,11,11,10,58
0,1,76,2024,11,11,10,59
0,46,15367,2024,11,11,11,00
0,55,17117,2024,11,11,11,01
0,21,9539,2024,11,11,11,02
0,12,2406,2024,11,11,11,03
0,27,13791,2024,11,11,11,04
0,16,7267,2024,11,11,11,05
0,27,9109,2024,11,11,11,06
0,22,14876,2024,11,11,11,07
0,27,13099,2024,11,11,11,08
0,23,8392,2024,11,11,11,09
0,34,15024,2024,11,11,11,10
0,22,10104,2024,11,11,11,11
0,10,2869,2024,11,11,11,12
0,28,13242,2024,11,11,11,13
0,22,9766,2024,11,11,11,14
0,23,9247,2024,11,11,11,15
0,59,15818,2024,11,11,11,16
0,45,17327,2024,11,11,11,17
0,28,17187,2024,11,11,11,18
0,20,10636,2024,11,11,11,19
0,32,17103,2024,11,11,11,20
0,38,23976,2024,11,11,11,21
0,34,18819,2024,11,11,11,22
0,26,14246,2024,11,11,11,23
0,40,24100,2024,11,11,11,24
0,53,19328,2024,11,11,11,25
0,46,18525,2024,11,11,11,26
0,0,9,2024,11,11,11,27
0,1,3,2024,11,11,12,04
0,7,10674,2024,11,11,12,06
0,35,20080,2024,11,11,12,07
10,43,11860,2024,11,11,12,08
0,57,5152,2024,11,11,12,09
68,12,13440,2024,11,11,12,10
60,9,10197,2024,11,11,12,11
43,2,4233,2024,11,11,12,12
125,2,1580,2024,11,11,12,13
139,2,1412,2024,11,11,12,14
8,0,36,2024,11,11,12,15
121,0,13,2024,11,11,12,16
99,3,7957,2024,11,11,12,17
176,27,5481,2024,11,11,12,18
53,67,17350,2024,11,11,12,19
52,91,14375,2024,11,11,12,20
0,68,11186,2024,11,11,12,21
0,98,10399,2024,11,11,12,22
25,50,19415,2024,11,11,12,23
58,60,12742,2024,11,11,12,24
146,33,9976,2024,11,11,12,25
56,7,7772,2024,11,11,12,26
0,55,6928,2024,11,11,12,27
0,67,13113,2024,11,11,12,28
100,60,12678,2024,11,11,12,29
213,21,6768,2024,11,11,12,30
16,117,10587,2024,11,11,12,31
71,19,4540,2024,11,11,12,32
113,1,4,2024,11,11,12,33
0,0,5,2024,11,11,12,34
22,35,4171,2024,11,11,12,47
23,1,353,2024,11,11,12,48
89,44,7042,2024,11,11,12,49
9,44,6111,2024,11,11,12,50
0,86,3789,2024,11,11,12,51
26,96,13041,2024,11,11,12,52
6,35,7644,2024,11,11,12,53
52,44,20563,2024,11,11,12,54
32,62,12208,2024,11,11,12,55
21,52,6890,2024,11,11,12,56
27,38,14079,2024,11,11,12,57
28,47,14186,2024,11,11,12,58
57,5,2513,2024,11,11,12,59
0,16,5289,2024,11,11,13,00
12,29,8512,2024,11,11,13,01
2,24,5058,2024,11,11,13,02
10,9,9766,2024,11,11,13,03
2,135,7797,2024,11,11,13,04
71,41,6951,2024,11,11,13,05
0,16,10228,2024,11,11,13,08
0,13,5201,2024,11,11,13,09
0,80,24550,2024,11,11,16,49
0,246,14967,2024,11,11,16,50
0,54,27877,2024,11,11,16,51
0,32,25045,2024,11,11,16,52
0,22,18718,2024,11,11,16,53
0,44,57665,2024,11,11,16,54
0,42,43605,2024,11,11,16,55
0,29,38155,2024,11,11,16,56
0,21,25938,2024,11,11,16,57
2,94,36514,2024,11,11,16,58
18,20,11325,2024,11,11,16,59
0,33,17666,2024,11,11,17,00
0,20,9740,2024,11,11,17,01
0,41,17561,2024,11,11,17,02
0,32,31296,2024,11,11,17,03
0,35,45631,2024,11,11,17,04
0,29,27658,2024,11,11,17,05
0,32,40654,2024,11,11,17,06
0,38,35824,2024,11,11,17,07
0,22,27655,2024,11,11,17,08
0,53,24906,2024,11,11,17,09
9,107,5498,2024,11,11,17,10
0,44,40867,2024,11,11,17,11
0,27,38021,2024,11,11,17,12
0,15,23277,2024,11,11,17,13
0,28,36901,2024,11,11,17,14
0,32,38835,2024,11,11,17,15
0,29,31871,2024,11,11,17,16
0,25,26066,2024,11,11,17,17
0,23,36303,2024,11,11,17,18
0,40,39382,2024,11,11,17,19
0,41,39257,2024,11,11,17,20
0,20,33598,2024,11,11,17,21
0,20,26977,2024,11,11,17,22
0,20,33618,2024,11,11,17,23
0,14,13793,2024,11,11,17,24
0,0,1,2024,11,11,17,31
35,37,9468,2024,11,11,17,56
56,63,18125,2024,11,11,17,57
65,20,18900,2024,11,11,17,58
143,63,8415,2024,11,11,17,59
148,5,2082,2024,11,11,18,00
65,41,21630,2024,11,11,18,01
49,134,9514,2024,11,11,18,02
58,40,9953,2024,11,11,18,03
67,60,24071,2024,11,11,18,04
19,16,7175,2024,11,11,18,05
31,31,16510,2024,11,11,18,06
54,47,21941,2024,11,11,18,07
75,8,4574,2024,11,11,18,08
41,3,2644,2024,11,11,18,09
35,44,5728,2024,11,11,18,10
0,1,2014,2024,11,11,18,12
7,7,8726,2024,11,11,18,14
13,29,14176,2024,11,11,18,22
7,7,4860,2024,11,11,18,23
7,3,4232,2024,11,11,18,24
23,19,9107,2024,11,11,18,25
0,0,1,2024,11,11,18,26
0,0,1,2024,11,11,18,27
0,0,2,2024,11,11,18,28
0,9,4677,2024,11,11,18,33
0,0,1,2024,11,11,18,34
0,0,2,2024,11,11,18,35
0,11,8663,2024,11,11,18,36
0,44,19346,2024,11,11,18,37
0,4,1171,2024,11,11,18,38
0,33,28200,2024,11,11,18,39
0,6,2993,2024,11,11,18,40
0,92,54391,2024,11,11,18,41
0,27,29614,2024,11,11,18,42
0,9,11462,2024,11,11,18,43
0,39,30851,2024,11,11,18,44
0,16,16675,2024,11,11,18,45
0,22,16110,2024,11,11,18,46
0,6,3767,2024,11,11,18,47
0,54,43884,2024,11,11,18,48
0,32,41708,2024,11,11,18,49
0,18,21805,2024,11,11,18,50
0,16,13903,2024,11,11,18,51
0,52,49543,2024,11,11,18,52
0,30,35455,2024,11,11,18,53
0,20,27350,2024,11,11,18,54
0,12,15479,2024,11,11,18,55
0,23,18131,2024,11,11,18,56
0,46,36811,2024,11,11,18,57
0,37,33831,2024,11,11,18,58
0,19,22917,2024,11,11,18,59
0,19,26925,2024,11,11,19,00
0,57,32375,2024,11,11,19,01
0,31,34068,2024,11,11,19,02
0,13,11449,2024,11,11,19,03
0,46,30001,2024,11,11,19,04
0,28,32518,2024,11,11,19,05
0,5,9050,2024,11,11,19,06
0,38,26800,2024,11,11,19,07
0,33,41664,2024,11,11,19,08
0,22,25389,2024,11,11,19,09
0,4,2778,2024,11,11,19,10
0,45,37094,2024,11,11,19,11
0,43,44047,2024,11,11,19,12
0,20,27144,2024,11,11,19,13
0,14,10116,2024,11,11,19,14
0,47,40391,2024,11,11,19,15
0,6,7648,2024,11,11,19,16
0,21,6077,2024,11,11,19,17
0,45,31646,2024,11,11,19,18
0,30,32913,2024,11,11,19,19
0,13,7317,2024,11,11,19,20
0,58,50843,2024,11,11,19,21
9,48,52863,2024,11,11,19,22
0,17,14802,2024,11,11,19,23
97,64,14401,2024,11,11,19,24
46,70,14390,2024,11,11,19,25
0,37,18776,2024,11,11,19,26
9,83,18152,2024,11,11,19,27
0,4,6369,2024,11,11,19,28
42,69,21170,2024,11,11,19,29
0,74,29549,2024,11,11,19,30
33,43,17443,2024,11,11,19,31
136,0,913,2024,11,11,19,32
153,38,10125,2024,11,11,19,33
9,75,20372,2024,11,11,19,34
11,28,16385,2024,11,11,19,35
19,7,7996,2024,11,11,19,36
0,10,19209,2024,11,11,19,37
11,14,19811,2024,11,11,19,38
0,29,36484,2024,11,11,19,39
159,88,20523,2024,11,11,19,40
31,80,31891,2024,11,11,19,41
17,64,32335,2024,11,11,19,42
146,46,9329,2024,11,11,19,43
139,64,9570,2024,11,11,19,44
15,111,21134,2024,11,11,19,45
11,110,19757,2024,11,11,19,46
22,148,21849,2024,11,11,19,47
0,106,10392,2024,11,11,19,48
2,45,3299,2024,11,11,19,49
29,4,5372,2024,11,11,19,51
5,10,11346,2024,11,11,19,52
92,16,17033,2024,11,11,19,53
231,7,7452,2024,11,11,19,54
138,12,19927,2024,11,11,19,55
137,0,0,2024,11,11,19,56
262,0,0,2024,11,11,19,57
124,0,45,2024,11,11,19,58
61,1,1850,2024,11,11,19,59
0,32,17069,2024,11,11,20,00
87,66,11605,2024,11,11,20,01
118,1,15,2024,11,11,20,02
172,47,11494,2024,11,11,20,03
144,5,5404,2024,11,11,20,04
90,0,0,2024,11,11,20,05
31,1,912,2024,11,11,20,06
61,0,0,2024,11,11,20,07
155,0,0,2024,11,11,20,08
176,2,3940,2024,11,11,20,09
55,46,6620,2024,11,11,20,10
49,11,10478,2024,11,11,20,11
21,9,8091,2024,11,11,20,12
32,127,28494,2024,11,11,20,13
80,46,8152,2024,11,11,20,14
4,58,8145,2024,11,11,20,15
0,43,5345,2024,11,11,20,17
0,3,2560,2024,11,11,20,18
164,32,5306,2024,11,11,20,19
7,84,12329,2024,11,11,20,20
63,16,5562,2024,11,11,20,25
210,2,1887,2024,11,11,20,26
13,0,0,2024,11,11,20,27
45,45,15201,2024,11,11,20,33
0,63,24306,2024,11,11,20,34
0,87,32602,2024,11,11,20,35
10,137,14027,2024,11,11,20,36
0,16,1808,2024,11,11,20,37
7,76,36895,2024,11,11,20,38
106,42,6262,2024,11,11,20,39
20,22,17195,2024,11,11,20,40
34,46,27360,2024,11,11,20,41
0,45,22005,2024,11,11,20,42
0,40,14732,2024,11,11,20,43
1,59,11899,2024,11,11,20,44
2,115,8987,2024,11,11,20,45
0,39,10740,2024,11,11,20,49
5,93,9830,2024,11,11,20,50
0,16,16552,2024,11,11,20,51
0,80,30043,2024,11,11,20,52
0,77,22298,2024,11,11,20,53
14,68,24973,2024,11,11,20,54
3,60,25780,2024,11,11,20,55
43,40,18309,2024,11,11,20,56
0,20,37585,2024,11,11,20,57
7,56,32523,2024,11,11,20,58
0,26,19090,2024,11,11,20,59
0,91,36317,2024,11,11,21,00
1,18,29332,2024,11,11,21,01
0,67,29825,2024,11,11,21,02
2,72,16809,2024,11,11,21,03
6,48,25641,2024,11,11,21,04
9,46,18132,2024,11,11,21,05
78,27,11426,2024,11,11,21,06
133,2,4487,2024,11,11,21,07
9,39,17033,2024,11,11,21,08
0,23,14697,2024,11,11,21,09
0,22,19496,2024,11,11,21,10
0,11,11650,2024,11,11,21,11
24,22,21835,2024,11,11,21,12
130,0,1,2024,11,11,21,13
104,28,14768,2024,11,11,21,14
84,33,17056,2024,11,11,21,15
72,81,22761,2024,11,11,21,16
0,18,18221,2024,11,11,21,17
0,27,33081,2024,11,11,21,18
0,35,61670,2024,11,11,21,19
0,64,96186,2024,11,11,21,20
0,11,10341,2024,11,11,21,21
0,40,32985,2024,11,11,21,23
1,47,44156,2024,11,11,21,24
1,14,9557,2024,11,11,21,25
0,0,1,2024,11,11,21,26
0,13,13692,2024,11,11,21,27
4,16,13384,2024,11,11,21,28
0,88,23935,2024,11,11,21,30
46,165,13304,2024,11,11,21,31
6,84,18560,2024,11,11,21,32
8,109,23092,2024,11,11,21,33
62,54,26949,2024,11,11,21,34
88,56,28826,2024,11,11,21,35
77,51,27047,2024,11,11,21,36
92,41,33693,2024,11,11,21,37
105,41,27555,2024,11,11,21,38
294,16,994,2024,11,11,21,39
19,208,20612,2024,11,11,21,40
99,10,4588,2024,11,11,21,41
41,49,9485,2024,11,11,21,42
61,35,18494,2024,11,11,21,43
54,84,24292,2024,11,11,21,44
166,23,11378,2024,11,11,21,45
37,107,27318,2024,11,11,21,46
25,192,18630,2024,11,11,21,47
93,24,8851,2024,11,11,21,48
104,14,16465,2024,11,11,21,49
60,30,18603,2024,11,11,21,50
162,0,0,2024,11,11,21,51
30,120,25530,2024,11,11,21,52
122,6,2941,2024,11,11,21,53
102,12,15076,2024,11,11,21,54
129,73,6730,2024,11,11,21,55
52,70,15938,2024,11,11,21,56
200,0,0,2024,11,11,21,57
87,53,15406,2024,11,11,21,58
128,21,3575,2024,11,11,21,59
85,120,16528,2024,11,11,22,00
100,0,356,2024,11,11,22,01
184,27,10384,2024,11,11,22,02
128,60,12262,2024,11,11,22,03
100,83,9598,2024,11,11,22,04
15,337,18273,2024,11,11,22,05
26,105,16111,2024,11,11,22,06
0,41,16090,2024,11,11,22,07
0,47,8750,2024,11,11,22,08
7,92,38278,2024,11,11,22,09
0,104,10876,2024,11,11,22,10
0,5,5896,2024,11,11,22,13
0,8,9038,2024,11,11,22,31
0,65,51362,2024,11,11,22,32
134,39,13628,2024,11,11,22,33
39,44,21989,2024,11,11,22,34
0,11,10784,2024,11,11,22,35
27,39,21692,2024,11,11,22,36
68,19,16355,2024,11,11,22,37
122,17,7093,2024,11,11,22,38
0,49,23686,2024,11,11,22,39
0,49,27771,2024,11,11,22,40
0,24,11853,2024,11,11,22,41
0,39,11618,2024,11,11,22,42
0,32,21310,2024,11,11,22,43
0,23,12224,2024,11,11,22,44
0,51,23019,2024,11,11,22,45
0,23,10986,2024,11,11,22,46
0,11,8658,2024,11,11,22,47
0,64,22253,2024,11,11,22,48
0,59,20181,2024,11,11,22,49
0,21,9799,2024,11,11,22,50
0,12,4459,2024,11,11,22,51
0,83,27834,2024,11,11,22,52
11,27,26647,2024,11,11,22,53
11,28,23739,2024,11,11,22,54
0,56,18221,2024,11,11,22,55
0,67,36261,2024,11,11,22,56
0,40,14686,2024,11,11,22,57
0,16,12352,2024,11,11,22,58
0,12,7420,2024,11,11,22,59
0,13,6560,2024,11,11,23,00
0,65,32126,2024,11,11,23,01
0,45,26696,2024,11,11,23,02
0,39,23036,2024,11,11,23,03
0,28,16688,2024,11,11,23,04
0,31,6984,2024,11,11,23,05
0,46,17499,2024,11,11,23,06
0,42,18426,2024,11,11,23,07
0,30,14228,2024,11,11,23,08
0,27,9315,2024,11,11,23,09
1,57,24517,2024,11,11,23,10
0,32,21449,2024,11,11,23,11
0,54,13806,2024,11,11,23,12
49,61,19117,2024,11,11,23,13
0,51,18297,2024,11,11,23,14
16,35,8865,2024,11,11,23,15
4,26,21549,2024,11,11,23,16
13,27,10076,2024,11,11,23,17
2,69,19579,2024,11,11,23,18
0,76,22737,2024,11,11,23,19
0,32,6834,2024,11,11,23,20
0,53,10409,2024,11,11,23,21
0,28,26477,2024,11,11,23,22
0,52,30905,2024,11,11,23,23
0,18,2596,2024,11,11,23,24
0,72,38564,2024,11,11,23,25
0,27,32233,2024,11,11,23,26
0,14,18377,2024,11,11,23,27
0,47,18712,2024,11,11,23,28
0,45,43385,2024,11,11,23,29
0,18,18832,2024,11,11,23,30
0,3,5888,2024,11,11,23,31
0,32,10964,2024,11,11,23,32
0,56,23973,2024,11,11,23,33
0,35,43707,2024,11,11,23,34
0,16,19521,2024,11,11,23,35
0,76,32586,2024,11,11,23,36
0,38,38992,2024,11,11,23,37
117,67,17575,2024,11,11,23,38
0,58,68553,2024,11,11,23,39
0,50,44504,2024,11,11,23,40
0,33,35402,2024,11,11,23,41
0,35,37255,2024,11,11,23,42
0,27,29903,2024,11,11,23,43
0,40,40119,2024,11,11,23,44
0,8,4509,2024,11,11,23,45
0,41,38283,2024,11,11,23,46
0,43,38180,2024,11,11,23,48
0,28,29202,2024,11,11,23,49
0,37,13512,2024,11,11,23,50
0,75,15112,2024,11,11,23,51
0,46,4038,2024,11,11,23,52
0,52,12852,2024,11,11,23,53
0,12,5268,2024,11,11,23,54
0,24,5541,2024,11,11,23,55
0,21,10797,2024,11,11,23,56
0,57,21129,2024,11,11,23,57
0,60,49240,2024,11,11,23,58
0,31,40579,2024,11,11,23,59
0,34,34724,2024,11,12,00,00
0,46,50969,2024,11,12,00,01
0,44,49288,2024,11,12,00,02
0,33,43825,2024,11,12,00,03
0,37,56115,2024,11,12,00,04
0,33,51890,2024,11,12,00,05
0,19,23711,2024,11,12,00,06
0,21,14682,2024,11,12,00,07
0,58,44262,2024,11,12,00,08
0,39,28276,2024,11,12,00,09
0,35,41756,2024,11,12,00,10
0,36,31059,2024,11,12,00,11
0,59,44075,2024,11,12,00,12
0,36,34517,2024,11,12,00,13
0,31,41784,2024,11,12,00,14
0,23,25480,2024,11,12,00,15
0,20,17115,2024,11,12,00,16
0,51,29059,2024,11,12,00,17
0,40,40607,2024,11,12,00,18
0,2,4204,2024,11,12,12,01
12,54,9264,2024,11,12,12,02
0,91,24303,2024,11,12,12,03
0,21,19172,2024,11,12,12,04
0,70,28440,2024,11,12,12,05
0,72,61571,2024,11,12,12,06
0,76,65444,2024,11,12,12,07
5,80,44559,2024,11,12,12,08
22,68,32891,2024,11,12,12,09
0,30,34610,2024,11,12,12,10
0,11,25142,2024,11,12,12,11
0,2,25281,2024,11,12,12,12
0,10,22052,2024,11,12,12,13
0,11,19837,2024,11,12,12,14
0,9,19641,2024,11,12,12,15
0,24,31161,2024,11,12,12,16
0,6,16229,2024,11,12,12,17
0,11,19760,2024,11,12,12,18
0,19,33851,2024,11,12,12,19
0,32,28263,2024,11,12,12,20
0,13,19463,2024,11,12,12,21
0,36,30181,2024,11,12,12,22
0,21,32416,2024,11,12,12,23
0,25,14948,2024,11,12,12,24
0,14,18898,2024,11,12,12,25
0,22,28425,2024,11,12,12,26
0,16,28977,2024,11,12,12,27
0,15,23294,2024,11,12,12,28
4,48,18665,2024,11,12,12,29
0,40,40101,2024,11,12,12,30
0,51,22299,2024,11,12,12,31
0,14,8344,2024,11,12,12,32
0,24,25945,2024,11,12,12,33
0,32,32361,2024,11,12,12,34
0,46,28809,2024,11,12,12,35
11,29,11443,2024,11,12,12,36
0,34,41419,2024,11,12,12,37
0,11,13780,2024,11,12,12,38
0,16,21564,2024,11,12,12,39
0,20,28096,2024,11,12,12,40
0,46,36754,2024,11,12,12,41
0,21,24926,2024,11,12,12,42
0,17,28672,2024,11,12,12,43
0,17,19919,2024,11,12,12,44
0,26,23131,2024,11,12,12,45
1,21,20299,2024,11,12,12,46
0,51,24176,2024,11,12,12,47
69,28,22351,2024,11,12,12,48
4,35,13957,2024,11,12,12,49
23,86,21467,2024,11,12,12,50
0,26,9260,2024,11,12,12,51
52,30,10488,2024,11,12,12,53
13,19,9489,2024,11,12,12,55
57,42,17313,2024,11,12,12,56
46,14,10535,2024,11,12,12,57
45,8,6304,2024,11,12,12,58
0,2,2729,2024,11,12,15,46
0,94,42443,2024,11,12,15,47
0,49,24481,2024,11,12,15,48
0,49,19971,2024,11,12,15,49
1,49,27317,2024,11,12,15,50
46,30,7235,2024,11,12,15,51
110,33,7788,2024,11,12,15,52
128,4,4605,2024,11,12,15,53
65,29,26917,2024,11,12,15,54
26,31,16507,2024,11,12,15,55
0,0,318,2024,11,12,15,56
0,0,946,2024,11,12,15,57
78,96,29931,2024,11,12,15,58
175,50,16070,2024,11,12,15,59
10,38,9996,2024,11,12,16,00
137,14,17911,2024,11,12,16,01
28,10,8928,2024,11,12,16,02
119,6,5606,2024,11,12,16,03
79,6,9166,2024,11,12,16,04
49,59,26413,2024,11,12,16,05
13,1,1743,2024,11,12,16,06
0,5,5875,2024,11,12,16,07
0,107,26376,2024,11,12,16,08
0,5,3264,2024,11,12,16,09
0,89,5411,2024,11,12,16,10
0,41,5740,2024,11,12,16,11
0,65,12408,2024,11,12,16,12
0,0,55,2024,11,12,16,14
0,12,6332,2024,11,12,16,17
0,15,8973,2024,11,12,16,18
0,19,4811,2024,11,12,16,19
0,75,1187,2024,11,12,16,20
53,5,4451,2024,11,12,16,21
50,91,36220,2024,11,12,16,22
11,50,32650,2024,11,12,16,23
3,10,10101,2024,11,12,16,24
0,11,13388,2024,11,12,16,25
0,0,251,2024,11,12,16,26
20,0,0,2024,11,12,16,28
20,13,11019,2024,11,12,16,29
102,50,6480,2024,11,12,16,30
53,128,4830,2024,11,12,16,31
76,38,8283,2024,11,12,16,32
14,16,6444,2024,11,12,16,33
45,57,4199,2024,11,12,16,34
10,2,1378,2024,11,12,16,35
46,40,4085,2024,11,12,16,36
0,93,16544,2024,11,12,16,37
0,17,12184,2024,11,12,16,38
0,1,3375,2024,11,12,16,39
0,47,10325,2024,11,12,16,40
0,46,5935,2024,11,12,16,41
0,28,257,2024,11,12,16,43
0,1,3141,2024,11,12,16,45
